<?xml version="1.0" encoding="UTF-8"?>
<Entities
 build="b706"
 majorVersion="9"
 minorVersion="0"
 modelPersistenceProviderPackage="MssqlPersistenceProviderPackage"
 revision="12"
 schemaVersion="1109"
 universal="password">
    <Mashups>
        <Mashup
         aspect.isFlex="true"
         aspect.isResponsive="true"
         aspect.mashupType="mashup"
         columns="0.0"
         description=""
         documentationContent=""
         homeMashup=""
         lastModifiedDate="2022-10-11T09:55:41.422Z"
         name="KBDBStatusMeshup"
         projectName="KBsmartKPI"
         rows="0.0"
         tags="KBThingWorxInstallationVocabulary:00_Basics">
            <avatar></avatar>
            <DesignTimePermissions>
                <Create></Create>
                <Read></Read>
                <Update></Update>
                <Delete></Delete>
                <Metadata></Metadata>
            </DesignTimePermissions>
            <RunTimePermissions></RunTimePermissions>
            <VisibilityPermissions>
                <Visibility>
                    <Principal
                     isPermitted="true"
                     name="KBOrganization"
                     type="Organization"></Principal>
                </Visibility>
            </VisibilityPermissions>
            <ConfigurationTableDefinitions></ConfigurationTableDefinitions>
            <ConfigurationTables>
                <ConfigurationTable
                 dataShapeName=""
                 description="Mashup Mobile Settings"
                 isHidden="true"
                 isMultiRow="false"
                 name="MobileSettings"
                 ordinal="0">
                    <DataShape>
                        <FieldDefinitions>
                            <FieldDefinition
                             aspect.defaultValue="false"
                             baseType="BOOLEAN"
                             description=""
                             name="disableZoom"
                             ordinal="0"></FieldDefinition>
                            <FieldDefinition
                             aspect.defaultValue="true"
                             baseType="BOOLEAN"
                             description=""
                             name="fullScreenMode"
                             ordinal="0"></FieldDefinition>
                            <FieldDefinition
                             baseType="STRING"
                             description=""
                             name="height"
                             ordinal="0"></FieldDefinition>
                            <FieldDefinition
                             aspect.defaultValue="device-height"
                             baseType="STRING"
                             description=""
                             name="heightType"
                             ordinal="0"></FieldDefinition>
                            <FieldDefinition
                             aspect.defaultValue="1.0"
                             baseType="NUMBER"
                             description=""
                             name="initialScale"
                             ordinal="0"></FieldDefinition>
                            <FieldDefinition
                             baseType="STRING"
                             description=""
                             name="iosShortcutIconTitle"
                             ordinal="0"></FieldDefinition>
                            <FieldDefinition
                             aspect.defaultValue="black-translucent"
                             baseType="STRING"
                             description=""
                             name="iosStatusBarAppearance"
                             ordinal="0"></FieldDefinition>
                            <FieldDefinition
                             aspect.defaultValue="10.0"
                             baseType="NUMBER"
                             description=""
                             name="maximumScale"
                             ordinal="0"></FieldDefinition>
                            <FieldDefinition
                             aspect.defaultValue="0.1"
                             baseType="NUMBER"
                             description=""
                             name="minimumScale"
                             ordinal="0"></FieldDefinition>
                            <FieldDefinition
                             baseType="STRING"
                             description=""
                             name="width"
                             ordinal="0"></FieldDefinition>
                            <FieldDefinition
                             aspect.defaultValue="device-width"
                             baseType="STRING"
                             description=""
                             name="widthType"
                             ordinal="0"></FieldDefinition>
                        </FieldDefinitions>
                    </DataShape>
                    <Rows>
                        <Row>
                            <disableZoom>false</disableZoom>
                            <fullScreenMode>true</fullScreenMode>
                            <height></height>
                            <heightType>
                            <![CDATA[
                            device-height
                            ]]>
                            </heightType>
                            <initialScale>1.0</initialScale>
                            <iosShortcutIconTitle></iosShortcutIconTitle>
                            <iosStatusBarAppearance>
                            <![CDATA[
                            black-translucent
                            ]]>
                            </iosStatusBarAppearance>
                            <maximumScale>10.0</maximumScale>
                            <minimumScale>0.1</minimumScale>
                            <width></width>
                            <widthType>
                            <![CDATA[
                            device-width
                            ]]>
                            </widthType>
                        </Row>
                    </Rows>
                </ConfigurationTable>
            </ConfigurationTables>
            <ParameterDefinitions></ParameterDefinitions>
            <Things></Things>
            <ThingShapes></ThingShapes>
            <ThingTemplates></ThingTemplates>
            <mashupContent>
            <![CDATA[
            {
              "CustomMashupCss" : "",
              "Data" : {
                "Session" : {
                  "DataName" : "Session",
                  "EntityName" : "",
                  "EntityType" : "Session",
                  "Id" : "session",
                  "Services" : [ {
                    "APIMethod" : "post",
                    "Characteristic" : "Services",
                    "Id" : "SessionInterface",
                    "Name" : "GetGlobalSessionValues",
                    "Parameters" : { },
                    "RefreshInterval" : 0,
                    "Target" : "GetGlobalSessionValues"
                  } ]
                },
                "ThingTemplates_Database" : {
                  "DataName" : "ThingTemplates_Database",
                  "EntityName" : "Database",
                  "EntityType" : "ThingTemplates",
                  "Id" : "947dad34-d7b9-4edc-bda1-8f37cf3511c5",
                  "Services" : [ {
                    "APIMethod" : "post",
                    "Characteristic" : "Services",
                    "Id" : "f10cf5b9-c576-4e5c-94d6-89f8d06dafe6",
                    "Name" : "GetImplementingThingsWithData",
                    "Parameters" : { },
                    "RefreshInterval" : 0,
                    "Target" : "GetImplementingThingsWithData"
                  } ]
                },
                "UserExtensions" : {
                  "DataName" : "UserExtensions",
                  "EntityName" : "",
                  "EntityType" : "UserExtensions",
                  "Id" : "UserExtensions",
                  "Services" : [ {
                    "APIMethod" : "post",
                    "Characteristic" : "Services",
                    "Id" : "UserExtensionInterface",
                    "Name" : "GetCurrentUserExtensionProperties",
                    "Parameters" : { },
                    "RefreshInterval" : 0,
                    "Target" : "GetCurrentUserExtensionProperties"
                  } ]
                }
              },
              "DataBindings" : [ {
                "Id" : "a4783d73-9499-42db-aafb-3146e66e0371",
                "PropertyMaps" : [ {
                  "SourceProperty" : "",
                  "SourcePropertyBaseType" : "INFOTABLE",
                  "SourcePropertyType" : "InfoTable",
                  "TargetProperty" : "Data",
                  "TargetPropertyBaseType" : "INFOTABLE",
                  "TargetPropertyType" : "property"
                } ],
                "SourceArea" : "Data",
                "SourceDetails" : "AllData",
                "SourceId" : "GetImplementingThingsWithData",
                "SourceSection" : "ThingTemplates_Database",
                "TargetArea" : "UI",
                "TargetId" : "convergedhxgrid-23",
                "TargetSection" : ""
              } ],
              "DesignTimePermissions" : { },
              "Events" : [ {
                "EventHandlerArea" : "Data",
                "EventHandlerId" : "ThingTemplates_Database",
                "EventHandlerService" : "GetImplementingThingsWithData",
                "EventTriggerArea" : "Mashup",
                "EventTriggerEvent" : "Loaded",
                "EventTriggerId" : "mashup-root",
                "EventTriggerSection" : "",
                "Id" : "c141b7d2-dd0b-4a68-931e-550a8556ac3b"
              }, {
                "EventHandlerArea" : "Data",
                "EventHandlerId" : "ThingTemplates_Database",
                "EventHandlerService" : "GetImplementingThingsWithData",
                "EventTriggerArea" : "UI",
                "EventTriggerEvent" : "Refresh",
                "EventTriggerId" : "autorefresh-15",
                "EventTriggerSection" : "",
                "Id" : "02aa32b3-56b4-4728-983e-f60e1767fa93"
              } ],
              "RunTimePermissions" : { },
              "UI" : {
                "Properties" : {
                  "AddToDashboardButton" : "SimplePlus",
                  "AddToDashboardButtonStyle" : "DefaultAddToDashboardButtonStyle",
                  "Area" : "Mashup",
                  "BGImage" : "",
                  "BGImageRepeat" : "no-repeat",
                  "BGImageSize" : "auto",
                  "Columns" : 0,
                  "ConfigureGadgetButton" : "SimpleGear",
                  "ConfigureGadgetButtonStyle" : "DefaultConfigureGadgetButtonStyle",
                  "DisplayName" : "Mashup",
                  "EnableParameterEditing" : false,
                  "Height" : 618,
                  "Id" : "mashup-root",
                  "IgnoreWarningsInViewMashup" : false,
                  "IsPrintLayout" : false,
                  "Left" : 0,
                  "MashupToEditGadget" : "DefaultMashupToEditGadget",
                  "MigratedOn" : "2022-10-11T09:49:34.676Z",
                  "MinHeight" : 0,
                  "MinWidth" : 0,
                  "ResponsiveLayout" : true,
                  "Rows" : 0,
                  "ShowDataLoading" : true,
                  "Style" : "DefaultMashupStyle",
                  "StyleProperties" : {
                    "data" : { },
                    "meta" : {
                      "type" : "WidgetStyler",
                      "version" : "1.0"
                    }
                  },
                  "StyleTheme" : "PTC Convergence Theme",
                  "Title" : "",
                  "TitleBar" : false,
                  "TitleBarStyle" : "DefaultTitleBarStyle",
                  "TitleBarText" : "Gadget Title Here",
                  "Top" : 0,
                  "Type" : "mashup",
                  "UseMasterTheme" : false,
                  "UseTheme" : false,
                  "Visible" : true,
                  "Width" : 1024,
                  "Z-index" : 10,
                  "__TypeDisplayName" : "Mashup",
                  "id_index" : 23,
                  "supportsAutoResize" : true
                },
                "Widgets" : [ {
                  "Properties" : {
                    "Area" : "UI",
                    "DisplayName" : "container-1",
                    "EnableExpandCollapse" : false,
                    "Expanded" : true,
                    "Id" : "flexcontainer-1",
                    "LastContainer" : true,
                    "Overlay" : false,
                    "ResponsiveLayout" : true,
                    "ShowDataLoading" : true,
                    "ShowExpandCollapseTab" : false,
                    "SourceURL" : "",
                    "Style" : "DefaultContainerStyle",
                    "StyleProperties" : { },
                    "Type" : "flexcontainer",
                    "UseTheme" : true,
                    "Visible" : true,
                    "Z-index" : 10,
                    "__TypeDisplayName" : "Flex Container",
                    "align-content" : "flex-start",
                    "align-items" : "flex-start",
                    "flex-basis" : "auto",
                    "flex-direction" : "column",
                    "flex-grow" : 1,
                    "flex-max-height" : "",
                    "flex-max-width" : "",
                    "flex-min-height" : "",
                    "flex-min-width" : "",
                    "flex-shrink" : "0",
                    "flex-size" : "default",
                    "flex-wrap" : "nowrap",
                    "iconClass" : "widgets-flexcontainer",
                    "justify-content" : "flex-start",
                    "positioning" : "responsive",
                    "userCannotRemove" : true
                  },
                  "Widgets" : [ {
                    "Properties" : {
                      "Area" : "UI",
                      "DisplayName" : "container-5",
                      "EnableExpandCollapse" : false,
                      "Expanded" : true,
                      "Id" : "flexcontainer-5",
                      "LastContainer" : false,
                      "Overlay" : false,
                      "ResponsiveLayout" : false,
                      "ShowDataLoading" : true,
                      "ShowExpandCollapseTab" : false,
                      "SourceURL" : "",
                      "Style" : "DefaultContainerStyle",
                      "StyleProperties" : { },
                      "Type" : "flexcontainer",
                      "UseTheme" : true,
                      "Visible" : true,
                      "Z-index" : 10,
                      "__TypeDisplayName" : "Flex Container",
                      "align-content" : "flex-start",
                      "align-items" : "flex-start",
                      "flex-basis" : "auto",
                      "flex-direction" : "column",
                      "flex-grow" : 1,
                      "flex-max-height" : "42px",
                      "flex-max-width" : "",
                      "flex-min-height" : "42px",
                      "flex-min-width" : "",
                      "flex-shrink" : "0",
                      "flex-size" : "fixed",
                      "flex-wrap" : "nowrap",
                      "iconClass" : "widgets-flexcontainer-fixed",
                      "isLocked" : false,
                      "justify-content" : "flex-start",
                      "positioning" : "responsive",
                      "userCannotRemove" : false
                    },
                    "Widgets" : [ {
                      "Properties" : {
                        "ActiveStyle" : "DefaultButtonActiveStyle",
                        "Area" : "UI",
                        "AutoRefresh" : true,
                        "AutoRefreshTabSequence" : 0,
                        "DisplayName" : "autorefresh-15",
                        "FocusStyle" : "DefaultButtonFocusStyle",
                        "Height" : 28,
                        "HoverStyle" : "DefaultButtonHoverStyle",
                        "IconAlignment" : "left",
                        "Id" : "autorefresh-15",
                        "Label" : "Refresh Now",
                        "LastContainer" : false,
                        "Left" : 10,
                        "Margin" : "5",
                        "RefreshInterval" : 30,
                        "RefreshNowTabSequence" : 0,
                        "RefreshToggleLabel" : "On",
                        "RefreshToggleLabelOff" : "Off",
                        "RefreshToggleSliderStyle" : "DefaultAutoRefreshToggleSliderStyle",
                        "RefreshToggleStyle" : "DefaultAutoRefreshToggleStyle",
                        "RefreshToggleStyleOff" : "DefaultAutoRefreshToggleOffStyle",
                        "ResponsiveLayout" : false,
                        "ShowControls" : true,
                        "ShowDataLoading" : true,
                        "Style" : "DefaultButtonStyle",
                        "Top" : 20,
                        "Type" : "autorefresh",
                        "Visible" : true,
                        "Width" : 180,
                        "Z-index" : 10,
                        "__TypeDisplayName" : "Auto Refresh"
                      },
                      "Widgets" : [ ]
                    } ]
                  }, {
                    "Properties" : {
                      "Area" : "UI",
                      "DisplayName" : "container-11",
                      "EnableExpandCollapse" : false,
                      "Expanded" : true,
                      "Id" : "flexcontainer-11",
                      "LastContainer" : false,
                      "Overlay" : false,
                      "ResponsiveLayout" : false,
                      "ShowDataLoading" : true,
                      "ShowExpandCollapseTab" : false,
                      "SourceURL" : "",
                      "Style" : "DefaultContainerStyle",
                      "StyleProperties" : { },
                      "Type" : "flexcontainer",
                      "UseTheme" : true,
                      "Visible" : true,
                      "Z-index" : 10,
                      "__TypeDisplayName" : "Flex Container",
                      "align-content" : "flex-start",
                      "align-items" : "flex-start",
                      "flex-basis" : "auto",
                      "flex-direction" : "column",
                      "flex-grow" : 1,
                      "flex-max-height" : "",
                      "flex-max-width" : "",
                      "flex-min-height" : "",
                      "flex-min-width" : "",
                      "flex-shrink" : "0",
                      "flex-size" : "default",
                      "flex-wrap" : "nowrap",
                      "iconClass" : "widgets-flexcontainer",
                      "isLocked" : true,
                      "justify-content" : "flex-start",
                      "positioning" : "responsive",
                      "userCannotRemove" : false
                    },
                    "Widgets" : [ {
                      "Properties" : {
                        "AlignHeader" : false,
                        "Area" : "UI",
                        "AutoSelectFirstRow" : false,
                        "CellTextWrapping" : false,
                        "ColumnFormat" : {
                          "formatInfo" : [ {
                            "Align" : "left",
                            "AllowEdit" : false,
                            "FieldName" : "name",
                            "FormatOptions" : {
                              "FormatString" : "full",
                              "formatInfo" : {
                                "FieldName" : "",
                                "StateDefinition" : "",
                                "StateDefinitionType" : "fixed",
                                "StateFormats" : [ {
                                  "state" : "",
                                  "stateName" : "fixed"
                                } ]
                              },
                              "renderer" : "STRING",
                              "roundingEnabled" : true
                            },
                            "Title" : "name",
                            "ValidationExpression" : "",
                            "ValidationMessage" : "",
                            "Width" : "auto"
                          }, {
                            "Align" : "left",
                            "AllowEdit" : false,
                            "FieldName" : "isConnected",
                            "FormatOptions" : {
                              "FormatString" : "checkbox",
                              "formatInfo" : {
                                "FieldName" : "",
                                "StateDefinition" : "",
                                "StateDefinitionType" : "fixed",
                                "StateFormats" : [ {
                                  "state" : "",
                                  "stateName" : "fixed"
                                } ]
                              },
                              "renderer" : "BOOLEAN",
                              "roundingEnabled" : true
                            },
                            "Title" : "isConnected",
                            "ValidationExpression" : "",
                            "ValidationMessage" : "",
                            "Width" : "auto"
                          }, {
                            "Align" : "left",
                            "AllowEdit" : false,
                            "FieldName" : "lastConnection",
                            "FormatOptions" : {
                              "FormatString" : "[[dateTimeFormat_Default]]",
                              "formatInfo" : {
                                "FieldName" : "",
                                "StateDefinition" : "",
                                "StateDefinitionType" : "fixed",
                                "StateFormats" : [ {
                                  "state" : "",
                                  "stateName" : "fixed"
                                } ]
                              },
                              "renderer" : "DATETIME",
                              "roundingEnabled" : true
                            },
                            "Title" : "lastConnection",
                            "ValidationExpression" : "",
                            "ValidationMessage" : "",
                            "Width" : "auto"
                          }, {
                            "Align" : "left",
                            "AllowEdit" : false,
                            "FieldName" : "description",
                            "FormatOptions" : {
                              "FormatString" : "full",
                              "formatInfo" : {
                                "FieldName" : "",
                                "StateDefinition" : "",
                                "StateDefinitionType" : "fixed",
                                "StateFormats" : [ {
                                  "state" : "",
                                  "stateName" : "fixed"
                                } ]
                              },
                              "renderer" : "STRING",
                              "roundingEnabled" : true
                            },
                            "Title" : "description",
                            "ValidationExpression" : "",
                            "ValidationMessage" : "",
                            "Width" : "auto"
                          } ]
                        },
                        "CurrentScrollTop" : 0,
                        "DisplayName" : "convergedhxgrid-23",
                        "FocusStyle" : "DefaultFocusStyle",
                        "GridBackgroundStyle" : "DefaultGridBackgroundStyle",
                        "GridEditableFieldStyle" : "DefaultGridEditableFieldStyle",
                        "GridHeaderStyle" : "DefaultGridHeaderStyle",
                        "GridHeaderTextCase" : "capitalize",
                        "GridInvalidFieldStyle" : "DefaultGridInvalidFieldStyle",
                        "Height" : 200,
                        "Id" : "convergedhxgrid-23",
                        "IsEditable" : false,
                        "IsPrintLayout" : false,
                        "LastContainer" : false,
                        "Left" : 515,
                        "Margin" : "5",
                        "MultiSelect" : false,
                        "ResponsiveLayout" : true,
                        "RowAlternateBackgroundStyle" : "DefaultRowAlternateBackgroundStyle",
                        "RowBackgroundStyle" : "DefaultRowBackgroundStyle",
                        "RowFormat_StateParameters" : [ ],
                        "RowHeight" : 30,
                        "RowHoverStyle" : "DefaultRowHoverStyle",
                        "RowSelectedStyle" : "DefaultRowSelectedStyle",
                        "ScrollTop" : 0,
                        "ShowAllColumns" : false,
                        "ShowDataLoading" : true,
                        "TabSequence" : 0,
                        "Top" : 10,
                        "Type" : "converge-dhxgrid",
                        "Visible" : true,
                        "Width" : 400,
                        "Z-index" : 10,
                        "__TypeDisplayName" : "TWX Utilities Grid"
                      },
                      "Widgets" : [ ]
                    } ]
                  } ]
                } ]
              },
              "mashupType" : "mashup"
            }
            ]]>
            </mashupContent>
            <preview></preview>
        </Mashup>
    </Mashups>
</Entities>
