<?xml version="1.0" encoding="UTF-8"?>
<Entities
 build="b692"
 majorVersion="9"
 minorVersion="0"
 modelPersistenceProviderPackage="MssqlPersistenceProviderPackage"
 revision="11"
 schemaVersion="1109"
 universal="password">
    <Things>
        <Thing
         description=""
         documentationContent=""
         effectiveThingPackage="RemoteThing"
         enabled="true"
         homeMashup=""
         identifier=""
         inheritedValueStream=""
         lastModifiedDate="2022-04-07T05:23:38.586Z"
         name="KBTimeHelperTestStationThing_V1"
         projectName="KBBasics"
         published="false"
         tags=""
         thingTemplate="GenericThing"
         valueStream="KBTimeHelperTestStationValueStream">
            <avatar></avatar>
            <DesignTimePermissions>
                <Create></Create>
                <Read></Read>
                <Update></Update>
                <Delete></Delete>
                <Metadata></Metadata>
            </DesignTimePermissions>
            <RunTimePermissions></RunTimePermissions>
            <VisibilityPermissions>
                <Visibility></Visibility>
            </VisibilityPermissions>
            <ConfigurationTableDefinitions></ConfigurationTableDefinitions>
            <ConfigurationTables>
                <ConfigurationTable
                 dataShapeName=""
                 description="Reporting Settings"
                 isMultiRow="false"
                 name="ReportingConfiguration"
                 ordinal="0">
                    <DataShape>
                        <FieldDefinitions>
                            <FieldDefinition
                             aspect.defaultValue="NotReporting"
                             aspect.isPrimaryKey="true"
                             aspect.isReadOnly="false"
                             aspect.thingTemplate="ReportingStrategy"
                             baseType="THINGNAME"
                             description="Strategy to determine health"
                             name="reportingStrategy"
                             ordinal="1"></FieldDefinition>
                        </FieldDefinitions>
                    </DataShape>
                    <Rows>
                        <Row>
                            <reportingStrategy>
                            <![CDATA[
                            AlwaysOnReporting
                            ]]>
                            </reportingStrategy>
                        </Row>
                    </Rows>
                </ConfigurationTable>
            </ConfigurationTables>
            <ThingShape>
                <PropertyDefinitions></PropertyDefinitions>
                <ServiceDefinitions>
                    <ServiceDefinition
                     aspect.isAsync="false"
                     category=""
                     description=""
                     isAllowOverride="false"
                     isLocalOnly="false"
                     isOpen="false"
                     isPrivate="false"
                     name="CheckTimeHelperServicesOnDatabase">
                        <ResultType
                         baseType="NOTHING"
                         description=""
                         name="result"
                         ordinal="0"></ResultType>
                        <ParameterDefinitions></ParameterDefinitions>
                    </ServiceDefinition>
                </ServiceDefinitions>
                <EventDefinitions></EventDefinitions>
                <ServiceMappings></ServiceMappings>
                <ServiceImplementations>
                    <ServiceImplementation
                     description=""
                     handlerName="Script"
                     name="CheckTimeHelperServicesOnDatabase">
                        <ConfigurationTables>
                            <ConfigurationTable
                             dataShapeName=""
                             description=""
                             isMultiRow="false"
                             name="Script"
                             ordinal="0">
                                <DataShape>
                                    <FieldDefinitions>
                                        <FieldDefinition
                                         baseType="STRING"
                                         description="code"
                                         name="code"
                                         ordinal="0"></FieldDefinition>
                                    </FieldDefinitions>
                                </DataShape>
                                <Rows>
                                    <Row>
                                        <code>
                                        <![CDATA[
                                        Things["KBBasicThingWorxDatabaseThing"].TimeHelperTestUpdate({ServiceName:"GetCurrentHourStart",ServiceValue:Things["KBTimeHelperThing"].GetCurrentHourStart()});
                                        Things["KBBasicThingWorxDatabaseThing"].TimeHelperTestUpdate({ServiceName:"GetCurrentHourEnd",ServiceValue:Things["KBTimeHelperThing"].GetCurrentHourEnd()});
                                        Things["KBBasicThingWorxDatabaseThing"].TimeHelperTestUpdate({ServiceName:"GetLastHourStart",ServiceValue:Things["KBTimeHelperThing"].GetLastHourStart()});
                                        Things["KBBasicThingWorxDatabaseThing"].TimeHelperTestUpdate({ServiceName:"GetLastHourEnd",ServiceValue:Things["KBTimeHelperThing"].GetLastHourEnd()});
                                        Things["KBBasicThingWorxDatabaseThing"].TimeHelperTestUpdate({ServiceName:"GetLastLastHourStart",ServiceValue:Things["KBTimeHelperThing"].GetLastLastHourStart()});
                                        Things["KBBasicThingWorxDatabaseThing"].TimeHelperTestUpdate({ServiceName:"GetLastLastHourEnd",ServiceValue:Things["KBTimeHelperThing"].GetLastLastHourEnd()});
                                        
                                        Things["KBBasicThingWorxDatabaseThing"].TimeHelperTestUpdate({ServiceName:"GetDayStart",ServiceValue:Things["KBTimeHelperThing"].GetDayStart({DaysBack:-2,OffsetInMinutes:0}),ServiceText:"DaysBack:-2,OffsetInMinutes:0"});
                                        Things["KBBasicThingWorxDatabaseThing"].TimeHelperTestUpdate({ServiceName:"GetDayStart",ServiceValue:Things["KBTimeHelperThing"].GetDayStart({DaysBack:-1,OffsetInMinutes:0}),ServiceText:"DaysBack:-1,OffsetInMinutes:0"});
                                        Things["KBBasicThingWorxDatabaseThing"].TimeHelperTestUpdate({ServiceName:"GetDayStart",ServiceValue:Things["KBTimeHelperThing"].GetDayStart({DaysBack:0,OffsetInMinutes:0}),ServiceText:"DaysBack:0,OffsetInMinutes:0"});
                                        Things["KBBasicThingWorxDatabaseThing"].TimeHelperTestUpdate({ServiceName:"GetDayStart",ServiceValue:Things["KBTimeHelperThing"].GetDayStart({DaysBack:1,OffsetInMinutes:0}),ServiceText:"DaysBack:1,OffsetInMinutes:0"});
                                        Things["KBBasicThingWorxDatabaseThing"].TimeHelperTestUpdate({ServiceName:"GetDayStart",ServiceValue:Things["KBTimeHelperThing"].GetDayStart({DaysBack:2,OffsetInMinutes:0}),ServiceText:"DaysBack:2,OffsetInMinutes:0"});
                                        Things["KBBasicThingWorxDatabaseThing"].TimeHelperTestUpdate({ServiceName:"GetDayStart",ServiceValue:Things["KBTimeHelperThing"].GetDayStart({DaysBack:-2,OffsetInMinutes:30}),ServiceText:"DaysBack:-2,OffsetInMinutes:30"});
                                        Things["KBBasicThingWorxDatabaseThing"].TimeHelperTestUpdate({ServiceName:"GetDayStart",ServiceValue:Things["KBTimeHelperThing"].GetDayStart({DaysBack:-1,OffsetInMinutes:30}),ServiceText:"DaysBack:-1,OffsetInMinutes:30"});
                                        Things["KBBasicThingWorxDatabaseThing"].TimeHelperTestUpdate({ServiceName:"GetDayStart",ServiceValue:Things["KBTimeHelperThing"].GetDayStart({DaysBack:0,OffsetInMinutes:30}),ServiceText:"DaysBack:0,OffsetInMinutes:30"});
                                        Things["KBBasicThingWorxDatabaseThing"].TimeHelperTestUpdate({ServiceName:"GetDayStart",ServiceValue:Things["KBTimeHelperThing"].GetDayStart({DaysBack:1,OffsetInMinutes:30}),ServiceText:"DaysBack:1,OffsetInMinutes:30"});
                                        Things["KBBasicThingWorxDatabaseThing"].TimeHelperTestUpdate({ServiceName:"GetDayStart",ServiceValue:Things["KBTimeHelperThing"].GetDayStart({DaysBack:2,OffsetInMinutes:30}),ServiceText:"DaysBack:2,OffsetInMinutes:30"});
                                        Things["KBBasicThingWorxDatabaseThing"].TimeHelperTestUpdate({ServiceName:"GetCurrentDayStart",ServiceValue:Things["KBTimeHelperThing"].GetCurrentDayStart()});
                                        Things["KBBasicThingWorxDatabaseThing"].TimeHelperTestUpdate({ServiceName:"GetCurrentDayStartWithOffset",ServiceValue:Things["KBTimeHelperThing"].GetCurrentDayStartWithOffset({OffsetInMinutes:0}),ServiceText:"OffsetInMinutes:0"});
                                        Things["KBBasicThingWorxDatabaseThing"].TimeHelperTestUpdate({ServiceName:"GetCurrentDayStartWithOffset",ServiceValue:Things["KBTimeHelperThing"].GetCurrentDayStartWithOffset({OffsetInMinutes:60}),ServiceText:"OffsetInMinutes:60"});
                                        Things["KBBasicThingWorxDatabaseThing"].TimeHelperTestUpdate({ServiceName:"GetCurrentDayStartWithOffset",ServiceValue:Things["KBTimeHelperThing"].GetCurrentDayStartWithOffset({OffsetInMinutes:120}),ServiceText:"OffsetInMinutes:120"});
                                        Things["KBBasicThingWorxDatabaseThing"].TimeHelperTestUpdate({ServiceName:"GetCurrentDayEnd",ServiceValue:Things["KBTimeHelperThing"].GetCurrentDayEnd()});
                                        Things["KBBasicThingWorxDatabaseThing"].TimeHelperTestUpdate({ServiceName:"GetCurrentDayEndWithOffset",ServiceValue:Things["KBTimeHelperThing"].GetCurrentDayEndWithOffset({OffsetInMinutes:0}),ServiceText:"OffsetInMinutes:0"});
                                        Things["KBBasicThingWorxDatabaseThing"].TimeHelperTestUpdate({ServiceName:"GetCurrentDayEndWithOffset",ServiceValue:Things["KBTimeHelperThing"].GetCurrentDayEndWithOffset({OffsetInMinutes:60}),ServiceText:"OffsetInMinutes:60"});
                                        Things["KBBasicThingWorxDatabaseThing"].TimeHelperTestUpdate({ServiceName:"GetCurrentDayEndWithOffset",ServiceValue:Things["KBTimeHelperThing"].GetCurrentDayEndWithOffset({OffsetInMinutes:120}),ServiceText:"OffsetInMinutes:120"});
                                        Things["KBBasicThingWorxDatabaseThing"].TimeHelperTestUpdate({ServiceName:"GetLastDayStart",ServiceValue:Things["KBTimeHelperThing"].GetLastDayStart()});
                                        Things["KBBasicThingWorxDatabaseThing"].TimeHelperTestUpdate({ServiceName:"GetLastDayEnd",ServiceValue:Things["KBTimeHelperThing"].GetLastDayEnd()});
                                        Things["KBBasicThingWorxDatabaseThing"].TimeHelperTestUpdate({ServiceName:"GetLastLastDayStart",ServiceValue:Things["KBTimeHelperThing"].GetLastLastDayStart()});
                                        Things["KBBasicThingWorxDatabaseThing"].TimeHelperTestUpdate({ServiceName:"GetLastLastDayEnd",ServiceValue:Things["KBTimeHelperThing"].GetLastLastDayEnd()});
                                        
                                        Things["KBBasicThingWorxDatabaseThing"].TimeHelperTestUpdate({ServiceName:"GetCurrentWeekStart",ServiceValue:Things["KBTimeHelperThing"].GetCurrentWeekStart()});
                                        Things["KBBasicThingWorxDatabaseThing"].TimeHelperTestUpdate({ServiceName:"GetCurrentWeekEnd",ServiceValue:Things["KBTimeHelperThing"].GetCurrentWeekEnd()});
                                        Things["KBBasicThingWorxDatabaseThing"].TimeHelperTestUpdate({ServiceName:"GetLastWeekStart",ServiceValue:Things["KBTimeHelperThing"].GetLastWeekStart()});
                                        Things["KBBasicThingWorxDatabaseThing"].TimeHelperTestUpdate({ServiceName:"GetLastWeekEnd",ServiceValue:Things["KBTimeHelperThing"].GetLastWeekEnd()});
                                        Things["KBBasicThingWorxDatabaseThing"].TimeHelperTestUpdate({ServiceName:"GetLastLastWeekStart",ServiceValue:Things["KBTimeHelperThing"].GetLastLastWeekStart()});
                                        Things["KBBasicThingWorxDatabaseThing"].TimeHelperTestUpdate({ServiceName:"GetLastLastWeekEnd",ServiceValue:Things["KBTimeHelperThing"].GetLastLastWeekEnd()});
                                        
                                        Things["KBBasicThingWorxDatabaseThing"].TimeHelperTestUpdate({ServiceName:"GetCurrentMonthStart",ServiceValue:Things["KBTimeHelperThing"].GetCurrentMonthStart()});
                                        Things["KBBasicThingWorxDatabaseThing"].TimeHelperTestUpdate({ServiceName:"GetCurrentMonthStartWithIterations",ServiceValue:Things["KBTimeHelperThing"].GetCurrentMonthStartWithIterations({Iterations:0}),ServiceText:"Iterations:0"});
                                        Things["KBBasicThingWorxDatabaseThing"].TimeHelperTestUpdate({ServiceName:"GetCurrentMonthStartWithIterations",ServiceValue:Things["KBTimeHelperThing"].GetCurrentMonthStartWithIterations({Iterations:1}),ServiceText:"Iterations:1"});
                                        Things["KBBasicThingWorxDatabaseThing"].TimeHelperTestUpdate({ServiceName:"GetCurrentMonthStartWithIterations",ServiceValue:Things["KBTimeHelperThing"].GetCurrentMonthStartWithIterations({Iterations:2}),ServiceText:"Iterations:2"});
                                        Things["KBBasicThingWorxDatabaseThing"].TimeHelperTestUpdate({ServiceName:"GetCurrentMonthEnd",ServiceValue:Things["KBTimeHelperThing"].GetCurrentMonthEnd()});
                                        Things["KBBasicThingWorxDatabaseThing"].TimeHelperTestUpdate({ServiceName:"GetCurrentMonthEndWithIterations",ServiceValue:Things["KBTimeHelperThing"].GetCurrentMonthEndWithIterations({Iterations:0}),ServiceText:"Iterations:0"});
                                        Things["KBBasicThingWorxDatabaseThing"].TimeHelperTestUpdate({ServiceName:"GetCurrentMonthEndWithIterations",ServiceValue:Things["KBTimeHelperThing"].GetCurrentMonthEndWithIterations({Iterations:1}),ServiceText:"Iterations:1"});
                                        Things["KBBasicThingWorxDatabaseThing"].TimeHelperTestUpdate({ServiceName:"GetCurrentMonthEndWithIterations",ServiceValue:Things["KBTimeHelperThing"].GetCurrentMonthEndWithIterations({Iterations:2}),ServiceText:"Iterations:2"});
                                        Things["KBBasicThingWorxDatabaseThing"].TimeHelperTestUpdate({ServiceName:"GetLastMonthStart",ServiceValue:Things["KBTimeHelperThing"].GetLastMonthStart()});
                                        Things["KBBasicThingWorxDatabaseThing"].TimeHelperTestUpdate({ServiceName:"GetLastMonthEnd",ServiceValue:Things["KBTimeHelperThing"].GetLastMonthEnd()});
                                        Things["KBBasicThingWorxDatabaseThing"].TimeHelperTestUpdate({ServiceName:"GetLastLastMonthStart",ServiceValue:Things["KBTimeHelperThing"].GetLastLastMonthStart()});
                                        Things["KBBasicThingWorxDatabaseThing"].TimeHelperTestUpdate({ServiceName:"GetLastLastMonthEnd",ServiceValue:Things["KBTimeHelperThing"].GetLastLastMonthEnd()});
                                        
                                        Things["KBBasicThingWorxDatabaseThing"].TimeHelperTestUpdate({ServiceName:"GetCurrentYearStart",ServiceValue:Things["KBTimeHelperThing"].GetCurrentYearStart()});
                                        Things["KBBasicThingWorxDatabaseThing"].TimeHelperTestUpdate({ServiceName:"GetCurrentYearEnd",ServiceValue:Things["KBTimeHelperThing"].GetCurrentYearEnd()});
                                        Things["KBBasicThingWorxDatabaseThing"].TimeHelperTestUpdate({ServiceName:"GetLastYearStart",ServiceValue:Things["KBTimeHelperThing"].GetLastYearStart()});
                                        Things["KBBasicThingWorxDatabaseThing"].TimeHelperTestUpdate({ServiceName:"GetLastYearEnd",ServiceValue:Things["KBTimeHelperThing"].GetLastYearEnd()});
                                        Things["KBBasicThingWorxDatabaseThing"].TimeHelperTestUpdate({ServiceName:"GetLastLastYearStart",ServiceValue:Things["KBTimeHelperThing"].GetLastLastYearStart()});
                                        Things["KBBasicThingWorxDatabaseThing"].TimeHelperTestUpdate({ServiceName:"GetLastLastYearEnd",ServiceValue:Things["KBTimeHelperThing"].GetLastLastYearEnd()});
                                        ]]>
                                        </code>
                                    </Row>
                                </Rows>
                            </ConfigurationTable>
                        </ConfigurationTables>
                    </ServiceImplementation>
                </ServiceImplementations>
                <Subscriptions></Subscriptions>
            </ThingShape>
            <PropertyBindings></PropertyBindings>
            <RemotePropertyBindings></RemotePropertyBindings>
            <RemoteServiceBindings></RemoteServiceBindings>
            <RemoteEventBindings></RemoteEventBindings>
            <AlertConfigurations></AlertConfigurations>
            <ImplementedShapes></ImplementedShapes>
            <ThingProperties>
            </ThingProperties>
        </Thing>
    </Things>
</Entities>
