<?xml version="1.0" encoding="UTF-8" standalone="no"?>
<Entities build="b2319" majorVersion="8" minorVersion="4"
	modelPersistenceProviderPackage="MssqlPersistenceProviderPackage"
	revision="4" schemaVersion="1041" universal="">
	<Things>
		<Thing description="" documentationContent=""
			effectiveThingPackage="ConfiguredThing" enabled="true" homeMashup=""
			identifier="" lastModifiedDate="2020-06-09T10:34:48.926+02:00"
			name="KBMailServerMUCExternalThing" projectName="KBBasics"
			published="false" tags="KBThingWorxInstallationVocabulary:00_Basics"
			thingTemplate="GenericThing" valueStream="">
			<Owner name="adm-flassakm" type="User" />
			<avatar />
			<DesignTimePermissions>
				<Create />
				<Read />
				<Update />
				<Delete />
				<Metadata />
			</DesignTimePermissions>
			<RunTimePermissions />
			<VisibilityPermissions>
				<Visibility />
			</VisibilityPermissions>
			<ConfigurationTableDefinitions />
			<ConfigurationTables />
			<ThingShape>
				<PropertyDefinitions />
				<ServiceDefinitions>
					<ServiceDefinition aspect.isAsync="false"
						category="" description="" isAllowOverride="false"
						isLocalOnly="false" isOpen="false" isPrivate="false"
						name="GetNotificationHandlers">
						<ResultType aspect.dataShape="NotificationHandlers"
							baseType="INFOTABLE" description="" name="result" ordinal="0" />
						<ParameterDefinitions />
					</ServiceDefinition>
					<ServiceDefinition aspect.isAsync="false"
						category="" description="" isAllowOverride="false"
						isLocalOnly="false" isOpen="false" isPrivate="false"
						name="IsDebug">
						<ResultType baseType="BOOLEAN" description=""
							name="result" ordinal="0" />
						<ParameterDefinitions />
					</ServiceDefinition>
					<ServiceDefinition aspect.isAsync="false"
						category="" description="" isAllowOverride="false"
						isLocalOnly="false" isOpen="false" isPrivate="false"
						name="ReadMessages">
						<ResultType aspect.dataShape="MailMessage"
							baseType="INFOTABLE" description="" name="result" ordinal="0" />
						<ParameterDefinitions>
							<FieldDefinition aspect.defaultValue="500.0"
								baseType="NUMBER" description="" name="maxItems" ordinal="1" />
							<FieldDefinition aspect.defaultValue="true"
								baseType="BOOLEAN" description="" name="withAttachments"
								ordinal="3" />
							<FieldDefinition aspect.defaultValue="true"
								baseType="BOOLEAN" description="" name="withDelete" ordinal="2" />
						</ParameterDefinitions>
					</ServiceDefinition>
					<ServiceDefinition aspect.isAsync="false"
						category="" description="" isAllowOverride="false"
						isLocalOnly="false" isOpen="false" isPrivate="false"
						name="SendMessage">
						<ResultType baseType="NOTHING" description=""
							name="result" ordinal="0" />
						<ParameterDefinitions>
							<FieldDefinition baseType="STRING" description=""
								name="bcc" ordinal="4" />
							<FieldDefinition baseType="HTML" description=""
								name="body" ordinal="6" />
							<FieldDefinition baseType="STRING" description=""
								name="cc" ordinal="3" />
							<FieldDefinition baseType="STRING" description=""
								name="from" ordinal="1" />
							<FieldDefinition aspect.isRequired="true"
								baseType="STRING" description="" name="subject" ordinal="5" />
							<FieldDefinition aspect.isRequired="true"
								baseType="STRING" description="" name="to" ordinal="2" />
						</ParameterDefinitions>
					</ServiceDefinition>
					<ServiceDefinition aspect.isAsync="false"
						category="" description="" isAllowOverride="false"
						isLocalOnly="false" isOpen="false" isPrivate="false"
						name="SendMessageWithAttachment">
						<ResultType baseType="NOTHING" description=""
							name="result" ordinal="0" />
						<ParameterDefinitions>
							<FieldDefinition baseType="STRING" description=""
								name="attachmentName" ordinal="9" />
							<FieldDefinition baseType="STRING" description=""
								name="bcc" ordinal="4" />
							<FieldDefinition baseType="HTML" description=""
								name="body" ordinal="6" />
							<FieldDefinition baseType="STRING" description=""
								name="cc" ordinal="3" />
							<FieldDefinition baseType="THINGNAME"
								description="" name="fileRepository" ordinal="7" />
							<FieldDefinition baseType="STRING" description=""
								name="from" ordinal="1" />
							<FieldDefinition baseType="STRING" description=""
								name="mimeType" ordinal="10" />
							<FieldDefinition baseType="STRING" description=""
								name="path" ordinal="8" />
							<FieldDefinition aspect.isRequired="true"
								baseType="STRING" description="" name="subject" ordinal="5" />
							<FieldDefinition aspect.isRequired="true"
								baseType="STRING" description="" name="to" ordinal="2" />
						</ParameterDefinitions>
					</ServiceDefinition>
					<ServiceDefinition aspect.isAsync="false"
						category="" description="" isAllowOverride="false"
						isLocalOnly="false" isOpen="false" isPrivate="false"
						name="SendMessageWithAttachments">
						<ResultType baseType="NOTHING" description=""
							name="result" ordinal="0" />
						<ParameterDefinitions>
							<FieldDefinition baseType="INFOTABLE"
								description="" name="attachments" ordinal="7" />
							<FieldDefinition baseType="STRING" description=""
								name="bcc" ordinal="4" />
							<FieldDefinition baseType="HTML" description=""
								name="body" ordinal="6" />
							<FieldDefinition baseType="STRING" description=""
								name="cc" ordinal="3" />
							<FieldDefinition baseType="STRING" description=""
								name="from" ordinal="1" />
							<FieldDefinition aspect.isRequired="true"
								baseType="STRING" description="" name="subject" ordinal="5" />
							<FieldDefinition aspect.isRequired="true"
								baseType="STRING" description="" name="to" ordinal="2" />
						</ParameterDefinitions>
					</ServiceDefinition>
					<ServiceDefinition aspect.isAsync="false"
						category="" description="" isAllowOverride="false"
						isLocalOnly="false" isOpen="false" isPrivate="false"
						name="SendMessageWithImage">
						<ResultType baseType="NOTHING" description=""
							name="result" ordinal="0" />
						<ParameterDefinitions>
							<FieldDefinition baseType="STRING" description=""
								name="attachmentName" ordinal="9" />
							<FieldDefinition baseType="STRING" description=""
								name="bcc" ordinal="4" />
							<FieldDefinition baseType="HTML" description=""
								name="body" ordinal="6" />
							<FieldDefinition baseType="STRING" description=""
								name="cc" ordinal="3" />
							<FieldDefinition baseType="STRING" description=""
								name="from" ordinal="1" />
							<FieldDefinition baseType="IMAGE" description=""
								name="image" ordinal="9" />
							<FieldDefinition baseType="STRING" description=""
								name="mimeType" ordinal="10" />
							<FieldDefinition aspect.isRequired="true"
								baseType="STRING" description="" name="subject" ordinal="5" />
							<FieldDefinition aspect.isRequired="true"
								baseType="STRING" description="" name="to" ordinal="2" />
						</ParameterDefinitions>
					</ServiceDefinition>
					<ServiceDefinition aspect.isAsync="false"
						category="" description="" isAllowOverride="false"
						isLocalOnly="false" isOpen="false" isPrivate="false"
						name="SendMessageWithImages">
						<ResultType baseType="NOTHING" description=""
							name="result" ordinal="0" />
						<ParameterDefinitions>
							<FieldDefinition baseType="INFOTABLE"
								description="" name="attachments" ordinal="7" />
							<FieldDefinition baseType="STRING" description=""
								name="bcc" ordinal="4" />
							<FieldDefinition baseType="HTML" description=""
								name="body" ordinal="6" />
							<FieldDefinition baseType="STRING" description=""
								name="cc" ordinal="3" />
							<FieldDefinition baseType="STRING" description=""
								name="from" ordinal="1" />
							<FieldDefinition aspect.isRequired="true"
								baseType="STRING" description="" name="subject" ordinal="5" />
							<FieldDefinition aspect.isRequired="true"
								baseType="STRING" description="" name="to" ordinal="2" />
						</ParameterDefinitions>
					</ServiceDefinition>
					<ServiceDefinition aspect.isAsync="false"
						category="" description="" isAllowOverride="false"
						isLocalOnly="false" isOpen="false" isPrivate="false"
						name="SetDebug">
						<ResultType baseType="NOTHING" description=""
							name="result" ordinal="0" />
						<ParameterDefinitions>
							<FieldDefinition aspect.defaultValue="false"
								baseType="BOOLEAN" description="" name="debug" ordinal="1" />
						</ParameterDefinitions>
					</ServiceDefinition>
				</ServiceDefinitions>
				<EventDefinitions />
				<ServiceMappings />
				<ServiceImplementations>
					<ServiceImplementation description=""
						handlerName="Script" name="GetNotificationHandlers">
						<ConfigurationTables>
							<ConfigurationTable description=""
								isMultiRow="false" name="Script" ordinal="0">
								<DataShape>
									<FieldDefinitions>
										<FieldDefinition baseType="STRING"
											description="code" name="code" ordinal="0" />
									</FieldDefinitions>
								</DataShape>
								<Rows>
									<Row>
										<code><![CDATA[var params = {
    infoTableName : "InfoTable",
    dataShapeName : "NotificationHandlers"
};

// CreateInfoTableFromDataShape(infoTableName:STRING("InfoTable"), dataShapeName:STRING):INFOTABLE(NotificationHandlers)
var result = Resources["InfoTableFunctions"].CreateInfoTableFromDataShape(params);

]]></code>
									</Row>
								</Rows>
							</ConfigurationTable>
						</ConfigurationTables>
					</ServiceImplementation>
					<ServiceImplementation description=""
						handlerName="Script" name="IsDebug">
						<ConfigurationTables>
							<ConfigurationTable description=""
								isMultiRow="false" name="Script" ordinal="0">
								<DataShape>
									<FieldDefinitions>
										<FieldDefinition baseType="STRING"
											description="code" name="code" ordinal="0" />
									</FieldDefinitions>
								</DataShape>
								<Rows>
									<Row>
										<code><![CDATA[var result = false;]]></code>
									</Row>
								</Rows>
							</ConfigurationTable>
						</ConfigurationTables>
					</ServiceImplementation>
					<ServiceImplementation description=""
						handlerName="Script" name="ReadMessages">
						<ConfigurationTables>
							<ConfigurationTable description=""
								isMultiRow="false" name="Script" ordinal="0">
								<DataShape>
									<FieldDefinitions>
										<FieldDefinition baseType="STRING"
											description="code" name="code" ordinal="0" />
									</FieldDefinitions>
								</DataShape>
								<Rows>
									<Row>
										<code><![CDATA[var params = {
    infoTableName : "InfoTable",
    dataShapeName : "MailMessage"
};

// CreateInfoTableFromDataShape(infoTableName:STRING("InfoTable"), dataShapeName:STRING):INFOTABLE(MailMessage)
var result = Resources["InfoTableFunctions"].CreateInfoTableFromDataShape(params);

]]></code>
									</Row>
								</Rows>
							</ConfigurationTable>
						</ConfigurationTables>
					</ServiceImplementation>
					<ServiceImplementation description=""
						handlerName="Script" name="SendMessage">
						<ConfigurationTables>
							<ConfigurationTable description=""
								isMultiRow="false" name="Script" ordinal="0">
								<DataShape>
									<FieldDefinitions>
										<FieldDefinition baseType="STRING"
											description="code" name="code" ordinal="0" />
									</FieldDefinitions>
								</DataShape>
								<Rows>
									<Row>
										<code><![CDATA[// Result: STRING
logger.debug(me.name+": sendMessage to: "+to+", Subject: "+subject);
var Result =  Resources["KBThingWorxServerSystem"].SendMail({
	mailSubject: subject /* STRING */,
	mailText: body /* STRING */,
	mailAddress: to /* STRING */
});

if (Result != 'OK') {
	logger.error(me.name+": sendMessage to: "+to+", Subject: "+subject+" --> Result: "+Result);
} else {
	logger.debug(me.name+": sendMessage to: "+to+", Subject: "+subject+" --> Result: "+Result);
}
]]></code>
									</Row>
								</Rows>
							</ConfigurationTable>
						</ConfigurationTables>
					</ServiceImplementation>
					<ServiceImplementation description=""
						handlerName="Script" name="SendMessageWithAttachment">
						<ConfigurationTables>
							<ConfigurationTable description=""
								isMultiRow="false" name="Script" ordinal="0">
								<DataShape>
									<FieldDefinitions>
										<FieldDefinition baseType="STRING"
											description="code" name="code" ordinal="0" />
									</FieldDefinitions>
								</DataShape>
								<Rows>
									<Row>
										<code><![CDATA[logger.warn(me.name+" SendMessageWithAttachment not supported!");
 me.SendMessage({
	from: from /* STRING */,
	to: to /* STRING */,
	cc: cc /* STRING */,
	bcc: bcc /* STRING */,
	subject: subject /* STRING */,
	body: body /* HTML */
});]]></code>
									</Row>
								</Rows>
							</ConfigurationTable>
						</ConfigurationTables>
					</ServiceImplementation>
					<ServiceImplementation description=""
						handlerName="Script" name="SendMessageWithAttachments">
						<ConfigurationTables>
							<ConfigurationTable description=""
								isMultiRow="false" name="Script" ordinal="0">
								<DataShape>
									<FieldDefinitions>
										<FieldDefinition baseType="STRING"
											description="code" name="code" ordinal="0" />
									</FieldDefinitions>
								</DataShape>
								<Rows>
									<Row>
										<code><![CDATA[logger.warn(me.name+" SendMessageWithAttachments not supported!");
 me.SendMessage({
	from: from /* STRING */,
	to: to /* STRING */,
	cc: cc /* STRING */,
	bcc: bcc /* STRING */,
	subject: subject /* STRING */,
	body: body /* HTML */
});]]></code>
									</Row>
								</Rows>
							</ConfigurationTable>
						</ConfigurationTables>
					</ServiceImplementation>
					<ServiceImplementation description=""
						handlerName="Script" name="SendMessageWithImage">
						<ConfigurationTables>
							<ConfigurationTable description=""
								isMultiRow="false" name="Script" ordinal="0">
								<DataShape>
									<FieldDefinitions>
										<FieldDefinition baseType="STRING"
											description="code" name="code" ordinal="0" />
									</FieldDefinitions>
								</DataShape>
								<Rows>
									<Row>
										<code><![CDATA[logger.warn(me.name+" SendMessageWithImage not supported!");
 me.SendMessage({
	from: from /* STRING */,
	to: to /* STRING */,
	cc: cc /* STRING */,
	bcc: bcc /* STRING */,
	subject: subject /* STRING */,
	body: body /* HTML */
});]]></code>
									</Row>
								</Rows>
							</ConfigurationTable>
						</ConfigurationTables>
					</ServiceImplementation>
					<ServiceImplementation description=""
						handlerName="Script" name="SendMessageWithImages">
						<ConfigurationTables>
							<ConfigurationTable description=""
								isMultiRow="false" name="Script" ordinal="0">
								<DataShape>
									<FieldDefinitions>
										<FieldDefinition baseType="STRING"
											description="code" name="code" ordinal="0" />
									</FieldDefinitions>
								</DataShape>
								<Rows>
									<Row>
										<code><![CDATA[logger.warn(me.name+" SendMessageWithAttachments not supported!");
 me.SendMessage({
	from: from /* STRING */,
	to: to /* STRING */,
	cc: cc /* STRING */,
	bcc: bcc /* STRING */,
	subject: subject /* STRING */,
	body: body /* HTML */
});]]></code>
									</Row>
								</Rows>
							</ConfigurationTable>
						</ConfigurationTables>
					</ServiceImplementation>
					<ServiceImplementation description=""
						handlerName="Script" name="SetDebug">
						<ConfigurationTables>
							<ConfigurationTable description=""
								isMultiRow="false" name="Script" ordinal="0">
								<DataShape>
									<FieldDefinitions>
										<FieldDefinition baseType="STRING"
											description="code" name="code" ordinal="0" />
									</FieldDefinitions>
								</DataShape>
								<Rows>
									<Row>
										<code />
									</Row>
								</Rows>
							</ConfigurationTable>
						</ConfigurationTables>
					</ServiceImplementation>
				</ServiceImplementations>
				<Subscriptions />
			</ThingShape>
			<PropertyBindings />
			<RemotePropertyBindings />
			<RemoteServiceBindings />
			<RemoteEventBindings />
			<AlertConfigurations />
			<ImplementedShapes />
			<ThingProperties />
			<ConfigurationChanges>
				<ConfigurationChange changeAction="CREATE"
					changeReason="header : name : updated, thingTemplate : updated&#10;"
					timestamp="2020-06-09T10:07:36.475+02:00" user="adm-flassakm" />
				<ConfigurationChange changeAction="MODIFY"
					changeReason="services : GetNotificationHandlers : service added&#10;"
					timestamp="2020-06-09T10:09:36.303+02:00" user="adm-flassakm" />
				<ConfigurationChange changeAction="MODIFY"
					changeReason="services : GetNotificationHandlers : service updated&#10;"
					timestamp="2020-06-09T10:10:26.249+02:00" user="adm-flassakm" />
				<ConfigurationChange changeAction="MODIFY"
					changeReason="services : IsDebug : service added&#10;"
					timestamp="2020-06-09T10:11:23.337+02:00" user="adm-flassakm" />
				<ConfigurationChange changeAction="MODIFY"
					changeReason="services : ReadMessages : service added&#10;"
					timestamp="2020-06-09T10:14:09.657+02:00" user="adm-flassakm" />
				<ConfigurationChange changeAction="MODIFY"
					changeReason="services : SendMessage : service added&#10;"
					timestamp="2020-06-09T10:17:19.582+02:00" user="adm-flassakm" />
				<ConfigurationChange changeAction="MODIFY"
					changeReason="services : SendMessage : input parameter subject updated, inputs updated, input parameter to updated, inputs updated, input parameter from updated, inputs updated, input parameter cc updated, inputs updated, input parameter bcc updated, inputs updated&#10;"
					timestamp="2020-06-09T10:18:23.686+02:00" user="adm-flassakm" />
				<ConfigurationChange changeAction="MODIFY"
					changeReason="services : SendMessage : service updated&#10;"
					timestamp="2020-06-09T10:24:16.976+02:00" user="adm-flassakm" />
				<ConfigurationChange changeAction="MODIFY"
					changeReason="services : SendMessageWithAttachment : service added&#10;"
					timestamp="2020-06-09T10:26:08.742+02:00" user="adm-flassakm" />
				<ConfigurationChange changeAction="MODIFY"
					changeReason="services : SendMessageWithAttachment : input parameter body added, inputs updated, input parameter fileRepository added, inputs updated, input parameter path added, inputs updated, input parameter attachmentName added, inputs updated, input parameter mimeType added, inputs updated&#10;"
					timestamp="2020-06-09T10:28:55.713+02:00" user="adm-flassakm" />
				<ConfigurationChange changeAction="MODIFY"
					changeReason="services : SendMessageWithAttachments : service added, input parameter mimeType deleted, inputs updated, input parameter attachmentName deleted, inputs updated, input parameter path deleted, inputs updated, input parameter fileRepository deleted, inputs updated, input parameter attachments added, inputs updated&#10;"
					timestamp="2020-06-09T10:30:52.264+02:00" user="adm-flassakm" />
				<ConfigurationChange changeAction="MODIFY"
					changeReason="services : SendMessageWithImage : service added, input parameter fileRepository deleted, inputs updated, input parameter path deleted, inputs updated, input parameter image added, inputs updated&#10;"
					timestamp="2020-06-09T10:32:28.054+02:00" user="adm-flassakm" />
				<ConfigurationChange changeAction="MODIFY"
					changeReason="services : SendMessageWithImages : service added&#10;"
					timestamp="2020-06-09T10:33:25.131+02:00" user="adm-flassakm" />
				<ConfigurationChange changeAction="MODIFY"
					changeReason="services : SetDebug : service added&#10;"
					timestamp="2020-06-09T10:34:21.670+02:00" user="adm-flassakm" />
				<ConfigurationChange changeAction="MODIFY"
					changeReason="services : SetDebug : input parameter debug updated, inputs updated&#10;"
					timestamp="2020-06-09T10:34:48.921+02:00" user="adm-flassakm" />
			</ConfigurationChanges>
		</Thing>
	</Things>
</Entities>