<?xml version="1.0" encoding="UTF-8" standalone="no"?>
<Entities build="b52" majorVersion="8" minorVersion="0"
	modelPersistenceProviderPackage="MssqlPersistenceProviderPackage"
	revision="3" schemaVersion="1000">
	<Things>
		<Thing description="" documentationContent=""
			effectiveThingPackage="DataTableThing" enabled="true" homeMashup=""
			identifier="" lastModifiedDate="2018-02-28T14:00:12.509+01:00"
			name="KBThingWorxServerSystemDataTable" projectName="KBBasics"
			published="false" tags="KBThingWorxInstallationVocabulary:00_Basics"
			thingTemplate="DataTable" valueStream="">
			<Owner name="adm-flassakm" type="User" />
			<avatar />
			<DesignTimePermissions>
				<Create />
				<Read />
				<Update />
				<Delete />
				<Metadata />
			</DesignTimePermissions>
			<RunTimePermissions>
				<Permissions resourceName="GetSAPThingWorxDatabaseThing">
					<PropertyRead></PropertyRead>
					<PropertyWrite></PropertyWrite>
					<ServiceInvoke>
						<Principal isPermitted="true" name="KBSAPServiceUser"
							type="User"></Principal>
					</ServiceInvoke>
					<EventInvoke></EventInvoke>
					<EventSubscribe></EventSubscribe>
				</Permissions>
				<Permissions resourceName="GetKPIThingWorxDatabaseThing">
					<PropertyRead></PropertyRead>
					<PropertyWrite></PropertyWrite>
					<ServiceInvoke>
						<Principal isPermitted="true" name="KBMachineOperatorUserGroup"
							type="Group"></Principal>
					</ServiceInvoke>
					<EventInvoke></EventInvoke>
					<EventSubscribe></EventSubscribe>
				</Permissions>
				<Permissions
					resourceName="GetKPIGlobalThingWorxDatabaseThing">
					<PropertyRead></PropertyRead>
					<PropertyWrite></PropertyWrite>
					<ServiceInvoke>
						<Principal isPermitted="true" name="KBMachineOperatorUserGroup"
							type="Group"></Principal>
					</ServiceInvoke>
					<EventInvoke></EventInvoke>
					<EventSubscribe></EventSubscribe>
				</Permissions>
				<Permissions
					resourceName="GetKPILocalThingWorxDatabaseThing">
					<PropertyRead></PropertyRead>
					<PropertyWrite></PropertyWrite>
					<ServiceInvoke>
						<Principal isPermitted="true" name="KBMachineOperatorUserGroup"
							type="Group"></Principal>
					</ServiceInvoke>
					<EventInvoke></EventInvoke>
					<EventSubscribe></EventSubscribe>
				</Permissions>
				<Permissions resourceName="CreateValues">
					<PropertyRead></PropertyRead>
					<PropertyWrite></PropertyWrite>
					<ServiceInvoke>
						<Principal isPermitted="true" name="KBMachineOperatorUserGroup"
							type="Group"></Principal>
					</ServiceInvoke>
					<EventInvoke></EventInvoke>
					<EventSubscribe></EventSubscribe>
				</Permissions>
				<Permissions resourceName="CreateValues">
					<PropertyRead></PropertyRead>
					<PropertyWrite></PropertyWrite>
					<ServiceInvoke>
						<Principal isPermitted="true" name="KBSAPServiceUser"
							type="User"></Principal>
					</ServiceInvoke>
					<EventInvoke></EventInvoke>
					<EventSubscribe></EventSubscribe>
				</Permissions>
				<Permissions resourceName="QueryDataTableEntries">
					<PropertyRead></PropertyRead>
					<PropertyWrite></PropertyWrite>
					<ServiceInvoke>
						<Principal isPermitted="true" name="KBMachineOperatorUserGroup"
							type="Group"></Principal>
					</ServiceInvoke>
					<EventInvoke></EventInvoke>
					<EventSubscribe></EventSubscribe>
				</Permissions>
				<Permissions resourceName="QueryDataTableEntries">
					<PropertyRead></PropertyRead>
					<PropertyWrite></PropertyWrite>
					<ServiceInvoke>
						<Principal isPermitted="true" name="KBSAPServiceUser"
							type="User"></Principal>
					</ServiceInvoke>
					<EventInvoke></EventInvoke>
					<EventSubscribe></EventSubscribe>
				</Permissions>
				<Permissions resourceName="GetLocation">
					<PropertyRead></PropertyRead>
					<PropertyWrite></PropertyWrite>
					<ServiceInvoke>
						<Principal isPermitted="true" name="KBMachineOperatorUserGroup"
							type="Group" />
						<Principal isPermitted="true" name="KBSAPServiceUser"
							type="User" />
					</ServiceInvoke>
					<EventInvoke />
					<EventSubscribe />
				</Permissions>
				<Permissions resourceName="GetFullServerName">
					<PropertyRead></PropertyRead>
					<PropertyWrite></PropertyWrite>
					<ServiceInvoke>
						<Principal isPermitted="true" name="KBMachineOperatorUserGroup"
							type="Group" />
						<Principal isPermitted="true" name="KBSAPServiceUser"
							type="User" />
					</ServiceInvoke>
					<EventInvoke />
					<EventSubscribe />
				</Permissions>
				<Permissions resourceName="GetStagingSystem">
					<PropertyRead></PropertyRead>
					<PropertyWrite></PropertyWrite>
					<ServiceInvoke>
						<Principal isPermitted="true" name="KBMachineOperatorUserGroup"
							type="Group"></Principal>
					</ServiceInvoke>
					<EventInvoke></EventInvoke>
					<EventSubscribe></EventSubscribe>
				</Permissions>
				<Permissions resourceName="GetStagingSystem">
					<PropertyRead></PropertyRead>
					<PropertyWrite></PropertyWrite>
					<ServiceInvoke>
						<Principal isPermitted="true" name="KBSAPServiceUser"
							type="User"></Principal>
					</ServiceInvoke>
					<EventInvoke></EventInvoke>
					<EventSubscribe></EventSubscribe>
				</Permissions>
				<Permissions resourceName="*">
					<PropertyRead>
						<Principal isPermitted="true" name="KBUserGroup"
							type="Group" />
					</PropertyRead>
					<PropertyWrite />
					<ServiceInvoke>
						<Principal isPermitted="true" name="KBUserGroup"
							type="Group" />
					</ServiceInvoke>
					<EventInvoke />
					<EventSubscribe />
				</Permissions>
			</RunTimePermissions>
			<VisibilityPermissions>
				<Visibility>
					<Principal isPermitted="true" name="KBOrganization"
						type="Organization" />
					<Principal isPermitted="true" name="KBBackGroundWorker"
						type="Organization" />
					<Principal isPermitted="true"
						name="KBSAPServiceOrganization" type="Organization" />
				</Visibility>
			</VisibilityPermissions>
			<ConfigurationTables>
				<ConfigurationTable
					description="Data Thing Configuration" isMultiRow="false"
					name="DataThingSettings" ordinal="0">
					<DataShape>
						<FieldDefinitions>
							<FieldDefinition baseType="STRING"
								description="Persistence Provider Name"
								name="persistenceProvider" ordinal="0" />
						</FieldDefinitions>
					</DataShape>
					<Rows>
						<Row>
							<persistenceProvider><![CDATA[ThingworxPersistenceProvider]]></persistenceProvider>
						</Row>
					</Rows>
				</ConfigurationTable>
				<ConfigurationTable description="Index Settings"
					isMultiRow="true" name="Indexes" ordinal="1">
					<DataShape>
						<FieldDefinitions>
							<FieldDefinition
								aspect.friendlyName="Index Field Names" baseType="STRING"
								description="Index fields" name="fieldNames" ordinal="1" />
							<FieldDefinition aspect.friendlyName="Index Name"
								baseType="STRING" description="Index name" name="name"
								ordinal="0" />
						</FieldDefinitions>
					</DataShape>
					<Rows />
				</ConfigurationTable>
				<ConfigurationTable
					description="Configurable options to tune Data Table performance"
					isMultiRow="false" name="PersistenceProviderCustomSettings"
					ordinal="2">
					<DataShape>
						<FieldDefinitions>
							<FieldDefinition
								aspect.friendlyName="Persistence Provider Custom Settings Table"
								baseType="INFOTABLE"
								description="Persistence Provider Custom Config Table"
								name="customConfigTable" ordinal="0" />
						</FieldDefinitions>
					</DataShape>
					<Rows>
						<Row>
							<customConfigTable>
								<infoTable>
									<DataShape>
										<FieldDefinitions />
									</DataShape>
									<Rows />
								</infoTable>
							</customConfigTable>
						</Row>
					</Rows>
				</ConfigurationTable>
				<ConfigurationTable
					description="Data Shape Configuration" isMultiRow="false"
					name="Settings" ordinal="0">
					<DataShape>
						<FieldDefinitions>
							<FieldDefinition aspect.friendlyName="Data Shape"
								baseType="DATASHAPENAME" description="Data shape"
								name="dataShape" ordinal="0" />
						</FieldDefinitions>
					</DataShape>
					<Rows>
						<Row>
							<accumulatedDataShape>
								<json><![CDATA[{"fieldDefinitions":{"HostName":{"name":"HostName","aspects":{"isPrimaryKey":true},"description":"","baseType":"STRING","ordinal":0},"StagingSystem":{"name":"StagingSystem","aspects":{},"description":"DEV, TEST, PROD","baseType":"STRING","ordinal":2},"Location":{"name":"Location","aspects":{},"description":"Server Prefix (LIS, KEC...)","baseType":"STRING","ordinal":1}}}]]></json>
							</accumulatedDataShape>
							<dataShape><![CDATA[KBThingWorxServerSystemDataShape]]></dataShape>
						</Row>
					</Rows>
				</ConfigurationTable>
			</ConfigurationTables>
			<ThingShape>
				<PropertyDefinitions />
				<ServiceDefinitions>
					<ServiceDefinition aspect.isAsync="false"
						category="" description="" isAllowOverride="false"
						isLocalOnly="false" isOpen="false" isPrivate="false"
						name="GetKPILocalThingWorxDatabaseThing">
						<ResultType baseType="STRING" description=""
							name="result" ordinal="0" />
						<ParameterDefinitions>
							<FieldDefinition baseType="STRING" description=""
								name="Host" ordinal="1" />
						</ParameterDefinitions>
					</ServiceDefinition>
					<ServiceDefinition aspect.isAsync="false"
						category="" description="" isAllowOverride="false"
						isLocalOnly="false" isOpen="false" isPrivate="false"
						name="GetKPIThingWorxDatabaseThing">
						<ResultType baseType="STRING" description=""
							name="result" ordinal="0" />
						<ParameterDefinitions>
							<FieldDefinition baseType="STRING" description=""
								name="Host" ordinal="1" />
						</ParameterDefinitions>
					</ServiceDefinition>
					<ServiceDefinition aspect.isAsync="false"
						category="" description="" isAllowOverride="false"
						isLocalOnly="false" isOpen="false" isPrivate="false"
						name="GetKPIGlobalThingWorxDatabaseThing">
						<ResultType baseType="STRING" description=""
							name="result" ordinal="0" />
						<ParameterDefinitions>
							<FieldDefinition baseType="STRING" description=""
								name="Host" ordinal="1" />
						</ParameterDefinitions>
					</ServiceDefinition>
					<ServiceDefinition aspect.isAsync="false"
						category="" description="" isAllowOverride="false"
						isLocalOnly="false" isOpen="false" isPrivate="false"
						name="GetLocation">
						<ResultType baseType="STRING" description=""
							name="result" ordinal="0" />
						<ParameterDefinitions>
							<FieldDefinition baseType="STRING" description=""
								name="Host" ordinal="1" />
						</ParameterDefinitions>
					</ServiceDefinition>
					<ServiceDefinition aspect.isAsync="false"
						category="" description="" isAllowOverride="false"
						isLocalOnly="false" isOpen="false" isPrivate="false"
						name="GetFullServerName">
						<ResultType baseType="STRING" description=""
							name="result" ordinal="0" />
						<ParameterDefinitions>
							<FieldDefinition baseType="STRING" description=""
								name="Host" ordinal="1" />
						</ParameterDefinitions>
					</ServiceDefinition>
					<ServiceDefinition aspect.isAsync="false"
						category="" description="" isAllowOverride="false"
						isLocalOnly="false" isOpen="false" isPrivate="false"
						name="GetSAPThingWorxDatabaseThing">
						<ResultType baseType="STRING" description=""
							name="result" ordinal="0" />
						<ParameterDefinitions>
							<FieldDefinition baseType="STRING" description=""
								name="Host" ordinal="1" />
						</ParameterDefinitions>
					</ServiceDefinition>
					<ServiceDefinition aspect.isAsync="false"
						category="" description="" isAllowOverride="false"
						isLocalOnly="false" isOpen="false" isPrivate="false"
						name="GetStagingSystem">
						<ResultType baseType="STRING" description=""
							name="result" ordinal="0" />
						<ParameterDefinitions>
							<FieldDefinition baseType="STRING" description=""
								name="Host" ordinal="1" />
						</ParameterDefinitions>
					</ServiceDefinition>
				</ServiceDefinitions>
				<EventDefinitions />
				<ServiceMappings />
				<ServiceImplementations>
					<ServiceImplementation description=""
						handlerName="Script" name="GetKPILocalThingWorxDatabaseThing">
						<ConfigurationTables>
							<ConfigurationTable description="Script"
								isMultiRow="false" name="Script" ordinal="0">
								<DataShape>
									<FieldDefinitions>
										<FieldDefinition baseType="STRING"
											description="code" name="code" ordinal="0" />
									</FieldDefinitions>
								</DataShape>
								<Rows>
									<Row>
										<code><![CDATA[
// result: STRING
var result = "KBKPILocalThingWorxDatabaseThing";

]]></code>
									</Row>
								</Rows>
							</ConfigurationTable>
						</ConfigurationTables>
					</ServiceImplementation>
					<ServiceImplementation description=""
						handlerName="Script" name="GetKPIThingWorxDatabaseThing">
						<ConfigurationTables>
							<ConfigurationTable description="Script"
								isMultiRow="false" name="Script" ordinal="0">
								<DataShape>
									<FieldDefinitions>
										<FieldDefinition baseType="STRING"
											description="code" name="code" ordinal="0" />
									</FieldDefinitions>
								</DataShape>
								<Rows>
									<Row>
										<code><![CDATA[
// result: STRING
var result = "KBKPIThingWorxDatabaseThing";

]]></code>
									</Row>
								</Rows>
							</ConfigurationTable>
						</ConfigurationTables>
					</ServiceImplementation>
					<ServiceImplementation description=""
						handlerName="Script" name="GetKPIGlobalThingWorxDatabaseThing">
						<ConfigurationTables>
							<ConfigurationTable description="Script"
								isMultiRow="false" name="Script" ordinal="0">
								<DataShape>
									<FieldDefinitions>
										<FieldDefinition baseType="STRING"
											description="code" name="code" ordinal="0" />
									</FieldDefinitions>
								</DataShape>
								<Rows>
									<Row>
										<code><![CDATA[

// result: STRING
var result = "KBGlobalThingWorxThing";

]]></code>
									</Row>
								</Rows>
							</ConfigurationTable>
						</ConfigurationTables>
					</ServiceImplementation>
					<ServiceImplementation description=""
						handlerName="Script" name="GetLocation">
						<ConfigurationTables>
							<ConfigurationTable description="Script"
								isMultiRow="false" name="Script" ordinal="0">
								<DataShape>
									<FieldDefinitions>
										<FieldDefinition baseType="STRING"
											description="code" name="code" ordinal="0" />
									</FieldDefinitions>
								</DataShape>
								<Rows>
									<Row>
										<code><![CDATA[
var values = me.CreateValues();

values.HostName = Host.toUpperCase(); //STRING [Primary Key]

var params = {
	maxItems: undefined /* NUMBER */,
	values: values /* INFOTABLE*/,
	query: undefined /* QUERY */,
	source: undefined /* STRING */,
	tags: undefined /* TAGS */
};

// result: INFOTABLE dataShape: "undefined"
var dataTableEntries = me.QueryDataTableEntries(params);

var result = "Unknown";
if (dataTableEntries.getRowCount() > 0) {
    result = dataTableEntries[0].Location;
}

]]></code>
									</Row>
								</Rows>
							</ConfigurationTable>
						</ConfigurationTables>
					</ServiceImplementation>
					<ServiceImplementation description=""
						handlerName="Script" name="GetFullServerName">
						<ConfigurationTables>
							<ConfigurationTable description=""
								isMultiRow="false" name="Script" ordinal="0">
								<DataShape>
									<FieldDefinitions>
										<FieldDefinition baseType="STRING"
											description="code" name="code" ordinal="0" />
									</FieldDefinitions>
								</DataShape>
								<Rows>
									<Row>
										<code>
											<![CDATA[
var values = me.CreateValues();

values.HostName = Host.toUpperCase(); //STRING [Primary Key]

var params = {
	maxItems: undefined /* NUMBER */,
	values: values /* INFOTABLE*/,
	query: undefined /* QUERY */,
	source: undefined /* STRING */,
	tags: undefined /* TAGS */
};

// result: INFOTABLE dataShape: "undefined"
var dataTableEntries = me.QueryDataTableEntries(params);

var result = "Unknown";
if (dataTableEntries.getRowCount() > 0) {
    result = dataTableEntries[0].FullName;
}

]]>
										</code>
									</Row>
								</Rows>
							</ConfigurationTable>
						</ConfigurationTables>
					</ServiceImplementation>
					<ServiceImplementation description=""
						handlerName="Script" name="GetSAPThingWorxDatabaseThing">
						<ConfigurationTables>
							<ConfigurationTable description="Script"
								isMultiRow="false" name="Script" ordinal="0">
								<DataShape>
									<FieldDefinitions>
										<FieldDefinition baseType="STRING"
											description="code" name="code" ordinal="0" />
									</FieldDefinitions>
								</DataShape>
								<Rows>
									<Row>
										<code><![CDATA[
var params = {
	Host: Host /* STRING */
};

var result = "KBSAPThingWorxDatabaseThing";


]]></code>
									</Row>
								</Rows>
							</ConfigurationTable>
						</ConfigurationTables>
					</ServiceImplementation>
					<ServiceImplementation description=""
						handlerName="Script" name="GetStagingSystem">
						<ConfigurationTables>
							<ConfigurationTable description="Script"
								isMultiRow="false" name="Script" ordinal="0">
								<DataShape>
									<FieldDefinitions>
										<FieldDefinition baseType="STRING"
											description="code" name="code" ordinal="0" />
									</FieldDefinitions>
								</DataShape>
								<Rows>
									<Row>
										<code><![CDATA[
var values = me.CreateValues();

values.HostName = Host.toUpperCase(); //STRING [Primary Key]

var params = {
	maxItems: undefined /* NUMBER */,
	values: values /* INFOTABLE*/,
	query: undefined /* QUERY */,
	source: undefined /* STRING */,
	tags: undefined /* TAGS */
};

// result: INFOTABLE dataShape: "undefined"
var dataTableEntries = me.QueryDataTableEntries(params);

var result = "Unknown";
if (dataTableEntries.getRowCount() > 0) {
    result = dataTableEntries[0].StagingSystem;
}

]]></code>
									</Row>
								</Rows>
							</ConfigurationTable>
						</ConfigurationTables>
					</ServiceImplementation>
				</ServiceImplementations>
				<Subscriptions>
					<Subscription enabled="true" eventName="ThingStart"
						source="" sourceProperty="">
						<ServiceImplementation description=""
							handlerName="Script" name="Event.ThingStart">
							<ConfigurationTables>
								<ConfigurationTable description=""
									isMultiRow="false" name="Script" ordinal="0">
									<DataShape>
										<FieldDefinitions>
											<FieldDefinition baseType="STRING"
												description="code" name="code" ordinal="0" />
										</FieldDefinitions>
									</DataShape>
									<Rows>
										<Row>
											<code><![CDATA[
var params = {
	infoTableName : "InfoTable",
	dataShapeName : "KBThingWorxServerSystemDataShape"
};

// CreateInfoTableFromDataShape(infoTableName:STRING("InfoTable"), dataShapeName:STRING):INFOTABLE(KBThingWorxServerSystemDataShape)
var valueList = Resources["InfoTableFunctions"].CreateInfoTableFromDataShape(params);



//-----------------------------------------------------------------------------------------------------------------
//-----------------------------------------------------------------------------------------------------------------
// MUC
//-----------------------------------------------------------------------------------------------------------------
//-----------------------------------------------------------------------------------------------------------------

// KBThingWorxServerSystemDataShape entry object
var newEntry = new Object();
newEntry.HostName = "MUCS72437"; // STRING - isPrimaryKey = true
newEntry.StagingSystem = "DEV"; // STRING
newEntry.Location = "MUC"; // STRING
newEntry.FullName = "smartproductiondev.corp.knorr-bremse.com"; // STRING

valueList.AddRow(newEntry);

// KBThingWorxServerSystemDataShape entry object
var newEntry = new Object();
newEntry.HostName = "MUCS73479"; // STRING - isPrimaryKey = true
newEntry.StagingSystem = "DEV"; // STRING
newEntry.Location = "MUC"; // STRING
newEntry.FullName = "mucs73479.corp.knorr-bremse.com"; // STRING

valueList.AddRow(newEntry);

// KBThingWorxServerSystemDataShape entry object
var newEntry = new Object();
newEntry.HostName = "CEMS00015"; // STRING - isPrimaryKey = true
newEntry.StagingSystem = "TEST"; // STRING
newEntry.Location = "MUC"; // STRING
newEntry.FullName = "cems00015.corp.knorr-bremse.com"; // STRING

valueList.AddRow(newEntry);

// KBThingWorxServerSystemDataShape entry object
var newEntry = new Object();
newEntry.HostName = "MUCS72512"; // STRING - isPrimaryKey = true
newEntry.StagingSystem = "TEST"; // STRING
newEntry.Location = "MUC"; // STRING
newEntry.FullName = "smartproductiontest.corp.knorr-bremse.com"; // STRING

valueList.AddRow(newEntry);

// KBThingWorxServerSystemDataShape entry object
var newEntry = new Object();
newEntry.HostName = "MUCS73464"; // STRING - isPrimaryKey = true
newEntry.StagingSystem = "PROD"; // STRING
newEntry.Location = "MUC"; // STRING
newEntry.FullName = "smartproduction.corp.knorr-bremse.com"; // STRING

valueList.AddRow(newEntry);

//-----------------------------------------------------------------------------------------------------------------
//-----------------------------------------------------------------------------------------------------------------
// LIS
//-----------------------------------------------------------------------------------------------------------------
//-----------------------------------------------------------------------------------------------------------------

// KBThingWorxServerSystemDataShape entry object
var newEntry = new Object();
newEntry.HostName = "MUCS73524"; // STRING - isPrimaryKey = true
newEntry.StagingSystem = "DEV"; // STRING
newEntry.Location = "LIS"; // STRING
newEntry.FullName = "smartproductionlisdev.corp.knorr-bremse.com"; // STRING

valueList.AddRow(newEntry);

// KBThingWorxServerSystemDataShape entry object
var newEntry = new Object();
newEntry.HostName = "MUCS73508"; // STRING - isPrimaryKey = true
newEntry.StagingSystem = "PROD"; // STRING
newEntry.Location = "LIS"; // STRING
newEntry.FullName = "smartproductionlis.corp.knorr-bremse.com"; // STRING

valueList.AddRow(newEntry);

//-----------------------------------------------------------------------------------------------------------------
//-----------------------------------------------------------------------------------------------------------------
// KEC
//-----------------------------------------------------------------------------------------------------------------
//-----------------------------------------------------------------------------------------------------------------

// KBThingWorxServerSystemDataShape entry object
var newEntry = new Object();
newEntry.HostName = "MUCS73503"; // STRING - isPrimaryKey = true
newEntry.StagingSystem = "DEV"; // STRING
newEntry.Location = "KEC"; // STRING
newEntry.FullName = "smartproductionkecdev.corp.knorr-bremse.com"; // STRING

valueList.AddRow(newEntry);

// KBThingWorxServerSystemDataShape entry object
var newEntry = new Object();
newEntry.HostName = "MUCS73504"; // STRING - isPrimaryKey = true
newEntry.StagingSystem = "TEST"; // STRING
newEntry.Location = "KEC"; // STRING
newEntry.FullName = "smartproductionkectest.corp.knorr-bremse.com"; // STRING

valueList.AddRow(newEntry);

// KBThingWorxServerSystemDataShape entry object
var newEntry = new Object();
newEntry.HostName = "MUCS73427"; // STRING - isPrimaryKey = true
newEntry.StagingSystem = "PROD"; // STRING
newEntry.Location = "KEC"; // STRING
newEntry.FullName = "smartproductionkec.corp.knorr-bremse.com"; // STRING

valueList.AddRow(newEntry);

//-----------------------------------------------------------------------------------------------------------------
//-----------------------------------------------------------------------------------------------------------------
// TST --> Test environment
//-----------------------------------------------------------------------------------------------------------------
//-----------------------------------------------------------------------------------------------------------------

// KBThingWorxServerSystemDataShape entry object
var newEntry = new Object();
newEntry.HostName = "CEMS00013"; // STRING - isPrimaryKey = true
newEntry.StagingSystem = "TEST"; // STRING
newEntry.Location = "TST"; // STRING
newEntry.FullName = "thingworx.corp.knorr-bremse.com"; // STRING

valueList.AddRow(newEntry);

//-----------------------------------------------------------------------------------------------------------------
//-----------------------------------------------------------------------------------------------------------------
// SZH
//-----------------------------------------------------------------------------------------------------------------
//-----------------------------------------------------------------------------------------------------------------


// KBThingWorxServerSystemDataShape entry object
var newEntry = new Object();
newEntry.HostName = "SZVS7159"; // STRING - isPrimaryKey = true
newEntry.StagingSystem = "PROD"; // STRING
newEntry.Location = "SZH"; // STRING
newEntry.FullName = "smartproductionszh.corp.knorr-bremse.com"; // STRING

valueList.AddRow(newEntry);

var newEntry = new Object();
newEntry.HostName = "SZVS7160"; // STRING - isPrimaryKey = true
newEntry.StagingSystem = "TEST"; // STRING
newEntry.Location = "SZH"; // STRING
newEntry.FullName = "smartproductionszhtest.corp.knorr-bremse.com"; // STRING

valueList.AddRow(newEntry);

//-----------------------------------------------------------------------------------------------------------------
//-----------------------------------------------------------------------------------------------------------------
// ALD
//-----------------------------------------------------------------------------------------------------------------
//-----------------------------------------------------------------------------------------------------------------

// KBThingWorxServerSystemDataShape entry object
var newEntry = new Object();
newEntry.HostName = "MUCS73499"; // STRING - isPrimaryKey = true
newEntry.StagingSystem = "TEST"; // STRING
newEntry.Location = "ALD"; // STRING
newEntry.FullName = "smartproductionaldtest.corp.knorr-bremse.com"; // STRING

valueList.AddRow(newEntry);

// KBThingWorxServerSystemDataShape entry object
var newEntry = new Object();
newEntry.HostName = "MUCS73429"; // STRING - isPrimaryKey = true
newEntry.StagingSystem = "PROD"; // STRING
newEntry.Location = "ALD"; // STRING
newEntry.FullName = "smartproductionald.corp.knorr-bremse.com"; // STRING

valueList.AddRow(newEntry);

// KBThingWorxServerSystemDataShape entry object
var newEntry = new Object();
newEntry.HostName = "MUCS73498"; // STRING - isPrimaryKey = true
newEntry.StagingSystem = "DEV"; // STRING
newEntry.Location = "ALD"; // STRING
newEntry.FullName = "smartproductionalddev.corp.knorr-bremse.com"; // STRING

valueList.AddRow(newEntry);


//-----------------------------------------------------------------------------------------------------------------
//-----------------------------------------------------------------------------------------------------------------
// LIB
//-----------------------------------------------------------------------------------------------------------------
//-----------------------------------------------------------------------------------------------------------------

// KBThingWorxServerSystemDataShape entry object
var newEntry = new Object();
newEntry.HostName = "MUCS73502"; // STRING - isPrimaryKey = true
newEntry.StagingSystem = "TEST"; // STRING
newEntry.Location = "LIB"; // STRING
newEntry.FullName = "smartproductionlibtest.corp.knorr-bremse.com"; // STRING

valueList.AddRow(newEntry);

// KBThingWorxServerSystemDataShape entry object
var newEntry = new Object();
newEntry.HostName = "MUCS73471"; // STRING - isPrimaryKey = true
newEntry.StagingSystem = "PROD"; // STRING
newEntry.Location = "LIB"; // STRING
newEntry.FullName = "smartproductionlib.corp.knorr-bremse.com"; // STRING

valueList.AddRow(newEntry);

// KBThingWorxServerSystemDataShape entry object
var newEntry = new Object();
newEntry.HostName = "MUCS73500"; // STRING - isPrimaryKey = true
newEntry.StagingSystem = "DEV"; // STRING
newEntry.Location = "LIB"; // STRING
newEntry.FullName = "smartproductionlibdev.corp.knorr-bremse.com"; // STRING

valueList.AddRow(newEntry);



//-----------------------------------------------------------------------------------------------------------------
//-----------------------------------------------------------------------------------------------------------------
// MIL
//-----------------------------------------------------------------------------------------------------------------
//-----------------------------------------------------------------------------------------------------------------

// KBThingWorxServerSystemDataShape entry object
var newEntry = new Object();
newEntry.HostName = "MUCS73538"; // STRING - isPrimaryKey = true
newEntry.StagingSystem = "TEST"; // STRING
newEntry.Location = "MIL"; // STRING
newEntry.FullName = "smartproductionmiltest.corp.knorr-bremse.com"; // STRING

valueList.AddRow(newEntry);

// KBThingWorxServerSystemDataShape entry object
var newEntry = new Object();
newEntry.HostName = "MILS0013"; // STRING - isPrimaryKey = true
newEntry.StagingSystem = "PROD"; // STRING
newEntry.Location = "MIL"; // STRING
newEntry.FullName = "smartproductionmil.corp.knorr-bremse.com"; // STRING

valueList.AddRow(newEntry);

//-----------------------------------------------------------------------------------------------------------------
//-----------------------------------------------------------------------------------------------------------------
// SMP (Small Plants)
//-----------------------------------------------------------------------------------------------------------------
//-----------------------------------------------------------------------------------------------------------------

// KBThingWorxServerSystemDataShape entry object
var newEntry = new Object();
newEntry.HostName = "MUCS70539"; // STRING - isPrimaryKey = true
newEntry.StagingSystem = "PROD"; // STRING
newEntry.Location = "SMP"; // STRING
newEntry.FullName = "smartproductionsmp.corp.knorr-bremse.com"; // STRING

valueList.AddRow(newEntry);

// KBThingWorxServerSystemDataShape entry object
var newEntry = new Object();
newEntry.HostName = "MUCS73467"; // STRING - isPrimaryKey = true
newEntry.StagingSystem = "TEST"; // STRING
newEntry.Location = "SMP"; // STRING
newEntry.FullName = "smartproductionsmptest.corp.knorr-bremse.com"; // STRING

valueList.AddRow(newEntry);

//-----------------------------------------------------------------------------------------------------------------
//-----------------------------------------------------------------------------------------------------------------
// BUD
//-----------------------------------------------------------------------------------------------------------------
//-----------------------------------------------------------------------------------------------------------------

// KBThingWorxServerSystemDataShape entry object
var newEntry = new Object();
newEntry.HostName = "MUCS73534"; // STRING - isPrimaryKey = true
newEntry.StagingSystem = "TEST"; // STRING
newEntry.Location = "BUD"; // STRING
newEntry.FullName = "smartproductionbudtest.corp.knorr-bremse.com"; // STRING

valueList.AddRow(newEntry);

// KBThingWorxServerSystemDataShape entry object
var newEntry = new Object();
newEntry.HostName = "BUDS0601"; // STRING - isPrimaryKey = true
newEntry.StagingSystem = "PROD"; // STRING
newEntry.Location = "BUD"; // STRING
newEntry.FullName = "smartproductionbud.corp.knorr-bremse.com"; // STRING

valueList.AddRow(newEntry);

// KBThingWorxServerSystemDataShape entry object
var newEntry = new Object();
newEntry.HostName = "MUCS73525"; // STRING - isPrimaryKey = true
newEntry.StagingSystem = "DEV"; // STRING
newEntry.Location = "BUD"; // STRING
newEntry.FullName = "smartproductionbuddev.corp.knorr-bremse.com"; // STRING

valueList.AddRow(newEntry);


//-----------------------------------------------------------------------------------------------------------------
//-----------------------------------------------------------------------------------------------------------------
// BRQ
//-----------------------------------------------------------------------------------------------------------------
//-----------------------------------------------------------------------------------------------------------------

// KBThingWorxServerSystemDataShape entry object
var newEntry = new Object();
newEntry.HostName = "MUCS73533"; // STRING - isPrimaryKey = true
newEntry.StagingSystem = "TEST"; // STRING
newEntry.Location = "BRQ"; // STRING
newEntry.FullName = "smartproductionbrqtest.corp.knorr-bremse.com"; // STRING

valueList.AddRow(newEntry);

// KBThingWorxServerSystemDataShape entry object
var newEntry = new Object();
newEntry.HostName = "BRQS7033"; // STRING - isPrimaryKey = true
newEntry.StagingSystem = "PROD"; // STRING
newEntry.Location = "BRQ"; // STRING
newEntry.FullName = "smartproductionbrq.corp.knorr-bremse.com"; // STRING

valueList.AddRow(newEntry);

// KBThingWorxServerSystemDataShape entry object
var newEntry = new Object();
newEntry.HostName = "MUCS73526"; // STRING - isPrimaryKey = true
newEntry.StagingSystem = "DEV"; // STRING
newEntry.Location = "BRQ"; // STRING
newEntry.FullName = "smartproductionbrqdev.corp.knorr-bremse.com"; // STRING

valueList.AddRow(newEntry);

//-----------------------------------------------------------------------------------------------------------------
//-----------------------------------------------------------------------------------------------------------------
// MLK
//-----------------------------------------------------------------------------------------------------------------
//-----------------------------------------------------------------------------------------------------------------

// KBThingWorxServerSystemDataShape entry object
var newEntry = new Object();
newEntry.HostName = "MUCS73360"; // STRING - isPrimaryKey = true
newEntry.StagingSystem = "TEST"; // STRING
newEntry.Location = "MLK"; // STRING
newEntry.FullName = "smartproductionmlktest.corp.knorr-bremse.com"; // STRING

valueList.AddRow(newEntry);

// KBThingWorxServerSystemDataShape entry object
var newEntry = new Object();
newEntry.HostName = "MLKS0120"; // STRING - isPrimaryKey = true
newEntry.StagingSystem = "PROD"; // STRING
newEntry.Location = "MLK"; // STRING
newEntry.FullName = "smartproductionmlk.corp.knorr-bremse.com"; // STRING

valueList.AddRow(newEntry);

// KBThingWorxServerSystemDataShape entry object
var newEntry = new Object();
newEntry.HostName = "MLKS0126"; // STRING - isPrimaryKey = true
newEntry.StagingSystem = "DEV"; // STRING
newEntry.Location = "MLK"; // STRING
newEntry.FullName = "smartproductionmlkdev.corp.knorr-bremse.com"; // STRING

valueList.AddRow(newEntry);

//-----------------------------------------------------------------------------------------------------------------
//-----------------------------------------------------------------------------------------------------------------
// BER
//-----------------------------------------------------------------------------------------------------------------
//-----------------------------------------------------------------------------------------------------------------


// KBThingWorxServerSystemDataShape entry object
var newEntry = new Object();
newEntry.HostName = "MUCS73501"; // STRING - isPrimaryKey = true
newEntry.StagingSystem = "PROD"; // STRING
newEntry.Location = "BER"; // STRING
newEntry.FullName = "smartproductionber.corp.knorr-bremse.com"; // STRING

valueList.AddRow(newEntry);

// KBThingWorxServerSystemDataShape entry object
var newEntry = new Object();
newEntry.HostName = "MUCS73497"; // STRING - isPrimaryKey = true
newEntry.StagingSystem = "TEST"; // STRING
newEntry.Location = "BER"; // STRING
newEntry.FullName = "smartproductionbertest.corp.knorr-bremse.com"; // STRING

valueList.AddRow(newEntry);

// KBThingWorxServerSystemDataShape entry object
var newEntry = new Object();
newEntry.HostName = "MUCS73496"; // STRING - isPrimaryKey = true
newEntry.StagingSystem = "DEV"; // STRING
newEntry.Location = "BER"; // STRING
newEntry.FullName = "smartproductionberdev.corp.knorr-bremse.com"; // STRING

valueList.AddRow(newEntry);


//-----------------------------------------------------------------------------------------------------------------
//-----------------------------------------------------------------------------------------------------------------
// PNA
//-----------------------------------------------------------------------------------------------------------------
//-----------------------------------------------------------------------------------------------------------------

// KBThingWorxServerSystemDataShape entry object
var newEntry = new Object();
newEntry.HostName = "MUCS73527"; // STRING - isPrimaryKey = true
newEntry.StagingSystem = "TEST"; // STRING
newEntry.Location = "PNA"; // STRING
newEntry.FullName = "smartproductionpnatest.corp.knorr-bremse.com"; // STRING

valueList.AddRow(newEntry);

// KBThingWorxServerSystemDataShape entry object
var newEntry = new Object();
newEntry.HostName = "MUCS73566"; // STRING - isPrimaryKey = true
newEntry.StagingSystem = "PROD"; // STRING
newEntry.Location = "PNA"; // STRING
newEntry.FullName = "smartproductionpna.corp.knorr-bremse.com"; // STRING

valueList.AddRow(newEntry);

//-----------------------------------------------------------------------------------------------------------------
//-----------------------------------------------------------------------------------------------------------------
// KBA
//-----------------------------------------------------------------------------------------------------------------
//-----------------------------------------------------------------------------------------------------------------

// KBThingWorxServerSystemDataShape entry object
var newEntry = new Object();
newEntry.HostName = "MUCS73535"; // STRING - isPrimaryKey = true
newEntry.StagingSystem = "TEST"; // STRING
newEntry.Location = "KBA"; // STRING
newEntry.FullName = "smartproductionkbatest.corp.knorr-bremse.com"; // STRING

valueList.AddRow(newEntry);

// KBThingWorxServerSystemDataShape entry object
var newEntry = new Object();
newEntry.HostName = "KBAS2032"; // STRING - isPrimaryKey = true
newEntry.StagingSystem = "PROD"; // STRING
newEntry.Location = "KBA"; // STRING
newEntry.FullName = "smartproductionkba.corp.knorr-bremse.com"; // STRING

valueList.AddRow(newEntry);


//-----------------------------------------------------------------------------------------------------------------
//-----------------------------------------------------------------------------------------------------------------
// KBB
//-----------------------------------------------------------------------------------------------------------------
//-----------------------------------------------------------------------------------------------------------------

// KBThingWorxServerSystemDataShape entry object
var newEntry = new Object();
newEntry.HostName = "MUCS73536"; // STRING - isPrimaryKey = true
newEntry.StagingSystem = "TEST"; // STRING
newEntry.Location = "KBB"; // STRING
newEntry.FullName = "smartproductionkbbtest.corp.knorr-bremse.com"; // STRING

valueList.AddRow(newEntry);

// KBThingWorxServerSystemDataShape entry object
var newEntry = new Object();
newEntry.HostName = "BERS0062"; // STRING - isPrimaryKey = true
newEntry.StagingSystem = "PROD"; // STRING
newEntry.Location = "KBB"; // STRING
newEntry.FullName = "smartproductionkbb.corp.knorr-bremse.com"; // STRING

valueList.AddRow(newEntry);

//-----------------------------------------------------------------------------------------------------------------
//-----------------------------------------------------------------------------------------------------------------
// PUN
//-----------------------------------------------------------------------------------------------------------------
//-----------------------------------------------------------------------------------------------------------------

// KBThingWorxServerSystemDataShape entry object
var newEntry = new Object();
newEntry.HostName = "HKGS7347"; // STRING - isPrimaryKey = true
newEntry.StagingSystem = "TEST"; // STRING
newEntry.Location = "PUN"; // STRING
newEntry.FullName = "smartproductionpuntest.corp.knorr-bremse.com"; // STRING

valueList.AddRow(newEntry);

// KBThingWorxServerSystemDataShape entry object
var newEntry = new Object();
newEntry.HostName = "HKGS7348"; // STRING - isPrimaryKey = true
newEntry.StagingSystem = "PROD"; // STRING
newEntry.Location = "PUN"; // STRING
newEntry.FullName = "smartproductionpun.corp.knorr-bremse.com"; // STRING

valueList.AddRow(newEntry);


//-----------------------------------------------------------------------------------------------------------------
//-----------------------------------------------------------------------------------------------------------------
// BWG (Bowling green, US)
//-----------------------------------------------------------------------------------------------------------------
//-----------------------------------------------------------------------------------------------------------------


// KBThingWorxServerSystemDataShape entry object
var newEntry = new Object();
newEntry.HostName = "BWGS60100"; // STRING - isPrimaryKey = true
newEntry.StagingSystem = "PROD"; // STRING
newEntry.Location = "BWG"; // STRING
newEntry.FullName = "smartproductionbwg.corp.knorr-bremse.com"; // STRING

valueList.AddRow(newEntry);

// KBThingWorxServerSystemDataShape entry object
var newEntry = new Object();
newEntry.HostName = "BWGS60101"; // STRING - isPrimaryKey = true
newEntry.StagingSystem = "TEST"; // STRING
newEntry.Location = "BWG"; // STRING
newEntry.FullName = "smartproductionbwgtest.corp.knorr-bremse.com"; // STRING

valueList.AddRow(newEntry);




//-----------------------------------------------------------------------------------------------------------------
//-----------------------------------------------------------------------------------------------------------------
// ART (Watertown, US)
//-----------------------------------------------------------------------------------------------------------------
//-----------------------------------------------------------------------------------------------------------------

// KBThingWorxServerSystemDataShape entry object
var newEntry = new Object();
newEntry.HostName = "ARTS60101"; // STRING - isPrimaryKey = true
newEntry.StagingSystem = "TEST"; // STRING
newEntry.Location = "ART"; // STRING
newEntry.FullName = "smartproductionarttest.corp.knorr-bremse.com"; // STRING

valueList.AddRow(newEntry);

// KBThingWorxServerSystemDataShape entry object
var newEntry = new Object();
newEntry.HostName = "ARTS60100"; // STRING - isPrimaryKey = true
newEntry.StagingSystem = "PROD"; // STRING
newEntry.Location = "ART"; // STRING
newEntry.FullName = "smartproductionart.corp.knorr-bremse.com"; // STRING

valueList.AddRow(newEntry);

//-----------------------------------------------------------------------------------------------------------------
//-----------------------------------------------------------------------------------------------------------------



//-----------------------------------------------------------------------------------------------------------------
//-----------------------------------------------------------------------------------------------------------------
// DRT (ACUNA, MEXICO)
//-----------------------------------------------------------------------------------------------------------------
//-----------------------------------------------------------------------------------------------------------------


// KBThingWorxServerSystemDataShape entry object
var newEntry = new Object();
newEntry.HostName = "DRTS60100"; // STRING - isPrimaryKey = true
newEntry.StagingSystem = "PROD"; // STRING
newEntry.Location = "DRT"; // STRING
newEntry.FullName = "smartproductiondrt.corp.knorr-bremse.com"; // STRING

valueList.AddRow(newEntry);

// KBThingWorxServerSystemDataShape entry object
var newEntry = new Object();
newEntry.HostName = "DRTS60101"; // STRING - isPrimaryKey = true
newEntry.StagingSystem = "TEST"; // STRING
newEntry.Location = "DRT"; // STRING
newEntry.FullName = "smartproductiondrttest.corp.knorr-bremse.com"; // STRING

valueList.AddRow(newEntry);


//-----------------------------------------------------------------------------------------------------------------
//-----------------------------------------------------------------------------------------------------------------



//-----------------------------------------------------------------------------------------------------------------
//-----------------------------------------------------------------------------------------------------------------
// TEST - CVS, RVS
//-----------------------------------------------------------------------------------------------------------------
//-----------------------------------------------------------------------------------------------------------------


// KBThingWorxServerSystemDataShape entry object
var newEntry = new Object();
newEntry.HostName = "MUCS73537"; // STRING - isPrimaryKey = true
newEntry.StagingSystem = "TEST"; // STRING
newEntry.Location = "CVS"; // STRING
newEntry.FullName = "smartproductioncvstest.corp.knorr-bremse.com"; // STRING

valueList.AddRow(newEntry);

// KBThingWorxServerSystemDataShape entry object
var newEntry = new Object();
newEntry.HostName = "MUCS73713"; // STRING - isPrimaryKey = true
newEntry.StagingSystem = "TEST"; // STRING
newEntry.Location = "RVS"; // STRING
newEntry.FullName = "smartproductionrvstest.corp.knorr-bremse.com"; // STRING

valueList.AddRow(newEntry);


//-----------------------------------------------------------------------------------------------------------------
//-----------------------------------------------------------------------------------------------------------------

var params = {
	sourceType: undefined /* STRING */,
	values: valueList /* INFOTABLE */,
	location: undefined /* LOCATION */,
	source: "KBThingWorxServerSystemDataTable" /* STRING */,
	tags: undefined /* TAGS */
};

me.AddOrUpdateDataTableEntries(params);

]]></code>
										</Row>
									</Rows>
								</ConfigurationTable>
							</ConfigurationTables>
						</ServiceImplementation>
					</Subscription>
				</Subscriptions>
			</ThingShape>
			<PropertyBindings />
			<RemotePropertyBindings />
			<RemoteServiceBindings />
			<RemoteEventBindings />
			<AlertConfigurations />
			<ImplementedShapes />
			<ThingProperties />
			<ConfigurationChanges>
				<ConfigurationChange changeAction="CREATE"
					changeReason="header : name : updated&#10;"
					timestamp="2018-02-28T13:42:06.390+01:00" user="adm-flassakm" />
			</ConfigurationChanges>
		</Thing>
	</Things>
</Entities>