<?xml version="1.0" encoding="UTF-8" standalone="no"?>
<Entities build="b2319" majorVersion="8" minorVersion="4"
	modelPersistenceProviderPackage="MssqlPersistenceProviderPackage"
	revision="4" schemaVersion="1041" universal="">
	<Things>
		<Thing aspect.isEditableExtensionObject="true" description=""
			documentationContent="" effectiveThingPackage="ConfiguredThing"
			enabled="true" homeMashup="" identifier=""
			lastModifiedDate="2019-10-30T15:23:35.598Z"
			name="KBKepwareGatewayThing" projectName="KBBasics"
			published="false" tags="KBThingWorxInstallationVocabulary:00_Basics"
			thingTemplate="KBGenericThingTemplate" valueStream="">
			<Owner name="adm-flassakm" type="User" />
			<avatar />
			<DesignTimePermissions>
				<Create />
				<Read />
				<Update />
				<Delete />
				<Metadata />
			</DesignTimePermissions>
			<RunTimePermissions>
				<Permissions resourceName="*">
					<PropertyRead>
						<Principal isPermitted="true" name="KBMachineOperatorUserGroup"
							type="Group" />
						<Principal isPermitted="true" name="KBUserGroup"
							type="Group" />
					</PropertyRead>
					<PropertyWrite />
					<ServiceInvoke>
						<Principal isPermitted="true" name="KBMachineOperatorUserGroup"
							type="Group" />
						<Principal isPermitted="true" name="KBUserGroup"
							type="Group" />
					</ServiceInvoke>
					<EventInvoke />
					<EventSubscribe />
				</Permissions>
			</RunTimePermissions>
			<VisibilityPermissions>
				<Visibility>
					<Principal isPermitted="true" name="KBBackGroundWorker"
						type="Organization" />
					<Principal isPermitted="true" name="KBOrganization"
						type="Organization" />
				</Visibility>
			</VisibilityPermissions>
			<ConfigurationTableDefinitions />
			<ConfigurationTables />
			<ThingShape>
				<PropertyDefinitions />
				<ServiceDefinitions />
				<EventDefinitions />
				<ServiceMappings />
				<ServiceImplementations />
				<Subscriptions />
			</ThingShape>
			<PropertyBindings />
			<RemotePropertyBindings />
			<RemoteServiceBindings />
			<RemoteEventBindings />
			<AlertConfigurations />
			<ImplementedShapes>
				<ImplementedShape name="KBLocalThingExtensionShape"
					type="ThingShape" />
			</ImplementedShapes>
			<ThingProperties>
				<LocalExtension>
					<Value><![CDATA[KBKepwareGatewayThing.LocalExtension]]></Value>
					<Timestamp>2019-10-30T15:23:35.692Z</Timestamp>
					<Quality>GOOD</Quality>
				</LocalExtension>
			</ThingProperties>
			<ConfigurationChanges>
				<ConfigurationChange changeAction="CREATE"
					changeReason="header : name : updated&#10;services : ConcatStrings : service deleted&#10;GetCurrentDayEnd : service deleted&#10;GetCurrentDayStart : service deleted&#10;GetCurrentHourEnd : service deleted&#10;GetCurrentHourStart : service deleted&#10;GetCurrentMonthEnd : service deleted&#10;GetCurrentMonthStart : service deleted&#10;GetCurrentQuarterEnd : service deleted&#10;GetCurrentQuarterStart : service deleted&#10;GetCurrentWeekEnd : service deleted&#10;GetCurrentWeekStart : service deleted&#10;GetCurrentYearEnd : service deleted&#10;GetCurrentYearStart : service del"
					timestamp="2019-10-30T15:23:35.582Z" user="adm-flassakm" />
			</ConfigurationChanges>
		</Thing>
	</Things>
</Entities>