<?xml version="1.0" encoding="UTF-8"?>
<Entities
 build="b527"
 majorVersion="9"
 minorVersion="0"
 modelPersistenceProviderPackage="MssqlPersistenceProviderPackage"
 revision="8"
 schemaVersion="1107"
 universal="password">
    <Things>
        <Thing
         description=""
         documentationContent=""
         effectiveThingPackage="SchedulerThing"
         enabled="true"
         homeMashup=""
         identifier=""
         lastModifiedDate="2021-11-01T04:58:16.391Z"
         name="KBCodeBackupScheduler"
         projectName="KBBasics"
         published="false"
         tags=""
         thingTemplate="Scheduler"
         valueStream="">
            <avatar></avatar>
            <DesignTimePermissions>
                <Create></Create>
                <Read></Read>
                <Update></Update>
                <Delete></Delete>
                <Metadata></Metadata>
            </DesignTimePermissions>
            <RunTimePermissions></RunTimePermissions>
            <VisibilityPermissions>
                <Visibility></Visibility>
            </VisibilityPermissions>
            <ConfigurationTableDefinitions></ConfigurationTableDefinitions>
            <ConfigurationTables>
                <ConfigurationTable
                 description="General Settings"
                 isHidden="true"
                 isMultiRow="false"
                 name="Settings"
                 ordinal="0">
                    <DataShape>
                        <FieldDefinitions>
                            <FieldDefinition
                             aspect.defaultValue="true"
                             baseType="BOOLEAN"
                             description="Automatically enable scheduler on startup"
                             name="enabled"
                             ordinal="0"></FieldDefinition>
                            <FieldDefinition
                             baseType="USERNAME"
                             description="User context in which to run event handlers"
                             name="runAsUser"
                             ordinal="0"></FieldDefinition>
                            <FieldDefinition
                             aspect.defaultValue="0 0/1 * * * ?"
                             baseType="SCHEDULE"
                             description="Execution Schedule (Cron String)"
                             name="schedule"
                             ordinal="0"></FieldDefinition>
                        </FieldDefinitions>
                    </DataShape>
                    <Rows>
                        <Row>
                            <enabled>true</enabled>
                            <runAsUser>
                            <![CDATA[
                            Administrator
                            ]]>
                            </runAsUser>
                            <schedule>
                            <![CDATA[
                            0 0 23 1/1 * ?
                            ]]>
                            </schedule>
                        </Row>
                    </Rows>
                </ConfigurationTable>
            </ConfigurationTables>
            <ThingShape>
                <PropertyDefinitions></PropertyDefinitions>
                <ServiceDefinitions>
                    <ServiceDefinition
                     aspect.isAsync="false"
                     category=""
                     description=""
                     isAllowOverride="false"
                     isLocalOnly="false"
                     isOpen="false"
                     isPrivate="false"
                     name="CreateFolder">
                        <ResultType
                         baseType="NOTHING"
                         description=""
                         name="result"
                         ordinal="0"></ResultType>
                        <ParameterDefinitions></ParameterDefinitions>
                    </ServiceDefinition>
                    <ServiceDefinition
                     aspect.isAsync="false"
                     category=""
                     description=""
                     isAllowOverride="false"
                     isLocalOnly="false"
                     isOpen="false"
                     isPrivate="false"
                     name="GetTemplateandThingsDerviedFromKBLocalStationThingTemplate">
                        <ResultType
                         baseType="NOTHING"
                         description=""
                         name="result"
                         ordinal="0"></ResultType>
                        <ParameterDefinitions></ParameterDefinitions>
                    </ServiceDefinition>
                    <ServiceDefinition
                     aspect.isAsync="false"
                     category=""
                     description=""
                     isAllowOverride="false"
                     isLocalOnly="false"
                     isOpen="false"
                     isPrivate="false"
                     name="TakeBackup">
                        <ResultType
                         baseType="NOTHING"
                         description=""
                         name="result"
                         ordinal="0"></ResultType>
                        <ParameterDefinitions></ParameterDefinitions>
                    </ServiceDefinition>
                </ServiceDefinitions>
                <EventDefinitions></EventDefinitions>
                <ServiceMappings></ServiceMappings>
                <ServiceImplementations>
                    <ServiceImplementation
                     description=""
                     handlerName="Script"
                     name="CreateFolder">
                        <ConfigurationTables>
                            <ConfigurationTable
                             description=""
                             isMultiRow="false"
                             name="Script"
                             ordinal="0">
                                <DataShape>
                                    <FieldDefinitions>
                                        <FieldDefinition
                                         baseType="STRING"
                                         description="code"
                                         name="code"
                                         ordinal="0"></FieldDefinition>
                                    </FieldDefinitions>
                                </DataShape>
                                <Rows>
                                    <Row>
                                        <code>
                                        <![CDATA[
                                        try{
                                        Things["KBCodeBackupSchedulerRespository"].CreateFolder({
                                        	path: 'GWIndustrialStationThingsBackup' /* STRING */
                                        });
                                            me.GetTemplateandThingsDerviedFromKBLocalStationThingTemplate();
                                        }catch(e){
                                            logger.error('error in CreateFolder service: ' + e);
                                            me.GetTemplateandThingsDerviedFromKBLocalStationThingTemplate();
                                        }
                                        ]]>
                                        </code>
                                    </Row>
                                </Rows>
                            </ConfigurationTable>
                        </ConfigurationTables>
                    </ServiceImplementation>
                    <ServiceImplementation
                     description=""
                     handlerName="Script"
                     name="GetTemplateandThingsDerviedFromKBLocalStationThingTemplate">
                        <ConfigurationTables>
                            <ConfigurationTable
                             description=""
                             isMultiRow="false"
                             name="Script"
                             ordinal="0">
                                <DataShape>
                                    <FieldDefinitions>
                                        <FieldDefinition
                                         baseType="STRING"
                                         description="code"
                                         name="code"
                                         ordinal="0"></FieldDefinition>
                                    </FieldDefinitions>
                                </DataShape>
                                <Rows>
                                    <Row>
                                        <code>
                                        <![CDATA[
                                        try {
                                        
                                        	var dataTag;
                                        	// result: INFOTABLE dataShape: "VocabularyTerm"
                                        	var dataTags = ModelTags["Applications"].GetVocabularyTerms();
                                        	for (var i = 0; i < dataTags.rows.length; i++) {
                                        		if (dataTags.rows[i].name == 'Backup') {
                                        			dataTag = 'tag exists';
                                        		}
                                        	}
                                        
                                        	if (dataTag != 'tag exists') {
                                        		ModelTags["Applications"].AddVocabularyTerm({
                                        			term: 'Backup' /* STRING */
                                        		});
                                        	}
                                        
                                        
                                        	function isBackupTagPresent(inspectedThing) {
                                        		if (Resources["PTC.Factory.CommonUtilities"].DoesThingExists({
                                        				thingName: inspectedThing
                                        			})) {
                                        			var tags = Things[inspectedThing].GetTags();
                                        			return tags.toString().includes("Applications:Backup");
                                        		}
                                        	}
                                        
                                        	var params = {
                                        		maxItems: undefined /* NUMBER */ ,
                                        		nameMask: undefined /* STRING */ ,
                                        		thingTemplate: 'KBLocalStationThingTemplate' /* THINGTEMPLATENAME */ ,
                                        	};
                                        
                                        	// result: INFOTABLE dataShape: RootEntityList
                                        	var data = Resources["SearchFunctions"].SearchThingsByTemplateWithPersistent(params);
                                        
                                        	for (var x = 0; x < data.rows.length; x++) {
                                        		if (!isBackupTagPresent(data.rows[x].name)) {
                                        			Things[data.rows[x].name].AddTags({
                                        				tags: 'Applications:Backup' /* TAGS */
                                        			});
                                        
                                        		}
                                        		if (Resources["PTC.Factory.CommonUtilities"].DoesThingExists({
                                        				thingName: Things[data.rows[x].name].GetValueStream()
                                        			})) {
                                        			if (!isBackupTagPresent(Things[data.rows[x].name].GetValueStream())) {
                                        				Things[Things[data.rows[x].name].GetValueStream()].AddTags({
                                        					tags: 'Applications:Backup' /* TAGS */
                                        				});
                                        			}
                                        		}
                                        	}
                                        	//
                                        	var params1 = {
                                        		maxItems: undefined /* NUMBER */ ,
                                        		nameMask: undefined /* STRING */ ,
                                        		thingTemplate: 'PTC.Factory.KepServerThingTemplate' /* THINGTEMPLATENAME */ ,
                                        	};
                                        
                                        	// result: INFOTABLE dataShape: RootEntityList
                                        	var data1 = Resources["SearchFunctions"].SearchThingsByTemplateWithPersistent(params1);
                                        
                                        	for (var y = 0; y < data1.rows.length; y++) {
                                        		if (!isBackupTagPresent(data1.rows[y].name)) {
                                        			Things[data1.rows[y].name].AddTags({
                                        				tags: 'Applications:Backup' /* TAGS */
                                        			});
                                        		}
                                        		if (Resources["PTC.Factory.CommonUtilities"].DoesThingExists({
                                        				thingName: Things[data1.rows[y].name].GetValueStream()
                                        			})) {
                                        			Things[Things[data1.rows[y].name].GetValueStream()].AddTags({
                                        				tags: 'Applications:Backup' /* TAGS */
                                        			});
                                        		}
                                        	}
                                        
                                        	var params2 = {
                                        		maxItems: undefined /* NUMBER */ ,
                                        		nameMask: undefined /* STRING */ ,
                                        		thingTemplate: 'IndustrialGateway' /* THINGTEMPLATENAME */ ,
                                        	};
                                        
                                        	// result: INFOTABLE dataShape: RootEntityList
                                        	var dataIT = Resources["SearchFunctions"].SearchThingsByTemplateWithPersistent(params2);
                                        	var result = Resources["SearchFunctions"].SearchThingsByTemplateWithPersistent(params2);
                                        
                                        	for (var z = 0; z < result.rows.length; z++) {
                                        		if (!isBackupTagPresent(result.rows[z].name)) {
                                        			Things[dataIT.rows[z].name].AddTags({
                                        				tags: 'Applications:Backup' /* TAGS */
                                        			});
                                        		}
                                        		if (Resources["PTC.Factory.CommonUtilities"].DoesThingExists({
                                        				thingName: Things[dataIT.rows[z].name].GetValueStream()
                                        			})) {
                                        			Things[Things[dataIT.rows[z].name].GetValueStream()].AddTags({
                                        				tags: 'Applications:Backup' /* TAGS */
                                        			});
                                        		}
                                        	}
                                        
                                        	var paramsA = {
                                        		maxItems: undefined /* NUMBER */ ,
                                        		nameMask: undefined /* STRING */ ,
                                        		thingTemplate: 'KBLocalMachineThingTemplate' /* THINGTEMPLATENAME */ ,
                                        	};
                                        
                                        	//result: INFOTABLE dataShape: RootEntityList
                                        	var dataT = Resources["SearchFunctions"].SearchThingsByTemplateWithPersistent(paramsA);
                                        
                                        	for (var a = 0; a < dataT.rows.length; a++) {
                                        		if (!isBackupTagPresent(dataT.rows[a].name)) {
                                        			Things[dataT.rows[a].name].AddTags({
                                        				tags: 'Applications:Backup' /* TAGS */
                                        			});
                                        		}
                                        		if (Resources["PTC.Factory.CommonUtilities"].DoesThingExists({
                                        				thingName: Things[dataT.rows[a].name].GetValueStream()
                                        			})) {
                                        			Things[Things[dataT.rows[a].name].GetValueStream()].AddTags({
                                        				tags: 'Applications:Backup' /* TAGS */
                                        			});
                                        		}
                                        	}
                                        
                                        	var paramsB = {
                                        		maxItems: undefined /* NUMBER */ ,
                                        		nameMask: undefined /* STRING */ ,
                                        		thingTemplate: 'KBLocalAreaThingTemplate' /* THINGTEMPLATENAME */ ,
                                        	};
                                        
                                        	// result: INFOTABLE dataShape: RootEntityList
                                        	var dataArea = Resources["SearchFunctions"].SearchThingsByTemplateWithPersistent(paramsB);
                                        
                                        	for (var w = 0; w < dataArea.rows.length; w++) {
                                        		if (!isBackupTagPresent(dataArea.rows[w].name)) {
                                        			Things[dataArea.rows[w].name].AddTags({
                                        				tags: 'Applications:Backup' /* TAGS */
                                        			});
                                        		}
                                        		if (Resources["PTC.Factory.CommonUtilities"].DoesThingExists({
                                        				thingName: Things[dataArea.rows[w].name].GetValueStream()
                                        			})) {
                                        			Things[Things[dataArea.rows[w].name].GetValueStream()].AddTags({
                                        				tags: 'Applications:Backup' /* TAGS */
                                        			});
                                        		}
                                        	}
                                        
                                        	var paramsD = {
                                        		maxItems: undefined /* NUMBER */ ,
                                        		nameMask: undefined /* STRING */ ,
                                        		thingTemplate: 'KBLocalCompanyThingTemplate' /* THINGTEMPLATENAME */ ,
                                        	};
                                        
                                        	// result: INFOTABLE dataShape: RootEntityList
                                        	var dataCompany = Resources["SearchFunctions"].SearchThingsByTemplateWithPersistent(paramsD);
                                        
                                        	for (var v = 0; v < dataCompany.rows.length; v++) {
                                        		if (!isBackupTagPresent(dataCompany.rows[v].name)) {
                                        			Things[dataCompany.rows[v].name].AddTags({
                                        				tags: 'Applications:Backup' /* TAGS */
                                        			});
                                        		}
                                        		if (Resources["PTC.Factory.CommonUtilities"].DoesThingExists({
                                        				thingName: Things[dataCompany.rows[v].name].GetValueStream()
                                        			})) {
                                        			Things[Things[dataCompany.rows[v].name].GetValueStream()].AddTags({
                                        				tags: 'Applications:Backup' /* TAGS */
                                        			});
                                        		}
                                        	}
                                        
                                        	var paramsCountry = {
                                        		maxItems: undefined /* NUMBER */ ,
                                        		nameMask: undefined /* STRING */ ,
                                        		thingTemplate: 'KBLocalCountryThingTemplate' /* THINGTEMPLATENAME */ ,
                                        	};
                                        
                                        	// result: INFOTABLE dataShape: RootEntityList
                                        	var dataCountry = Resources["SearchFunctions"].SearchThingsByTemplateWithPersistent(paramsCountry);
                                        
                                        	for (var u = 0; u < dataCountry.rows.length; u++) {
                                        		if (!isBackupTagPresent(dataCountry.rows[u].name)) {
                                        			Things[dataCountry.rows[u].name].AddTags({
                                        				tags: 'Applications:Backup' /* TAGS */
                                        			});
                                        		}
                                        		if (Resources["PTC.Factory.CommonUtilities"].DoesThingExists({
                                        				thingName: Things[dataCountry.rows[u].name].GetValueStream()
                                        			})) {
                                        			Things[Things[dataCountry.rows[u].name].GetValueStream()].AddTags({
                                        				tags: 'Applications:Backup' /* TAGS */
                                        			});
                                        		}
                                        	}
                                        
                                        	var paramsDivision = {
                                        		maxItems: undefined /* NUMBER */ ,
                                        		nameMask: undefined /* STRING */ ,
                                        		thingTemplate: 'KBLocalDivisionThingTemplate' /* THINGTEMPLATENAME */ ,
                                        	};
                                        
                                        	// result: INFOTABLE dataShape: RootEntityList
                                        	var dataDivision = Resources["SearchFunctions"].SearchThingsByTemplateWithPersistent(paramsDivision);
                                        
                                        	for (var t = 0; t < dataDivision.rows.length; t++) {
                                        		if (!isBackupTagPresent(dataDivision.rows[t].name)) {
                                        			Things[dataDivision.rows[t].name].AddTags({
                                        				tags: 'Applications:Backup' /* TAGS */
                                        			});
                                        		}
                                        		if (Resources["PTC.Factory.CommonUtilities"].DoesThingExists({
                                        				thingName: Things[dataDivision.rows[t].name].GetValueStream()
                                        			})) {
                                        			Things[Things[dataDivision.rows[t].name].GetValueStream()].AddTags({
                                        				tags: 'Applications:Backup' /* TAGS */
                                        			});
                                        		}
                                        	}
                                        
                                        	var paramsPlant = {
                                        		maxItems: undefined /* NUMBER */ ,
                                        		nameMask: undefined /* STRING */ ,
                                        		thingTemplate: 'KBLocalPlantThingTemplate' /* THINGTEMPLATENAME */ ,
                                        	};
                                        
                                        	// result: INFOTABLE dataShape: RootEntityList
                                        	var dataPlant = Resources["SearchFunctions"].SearchThingsByTemplateWithPersistent(paramsPlant);
                                        
                                        	for (var s = 0; s < dataPlant.rows.length; s++) {
                                        		if (!isBackupTagPresent(dataPlant.rows[s].name)) {
                                        			Things[dataPlant.rows[s].name].AddTags({
                                        				tags: 'Applications:Backup' /* TAGS */
                                        			});
                                        		}
                                        		if (Resources["PTC.Factory.CommonUtilities"].DoesThingExists({
                                        				thingName: Things[dataPlant.rows[s].name].GetValueStream()
                                        			})) {
                                        			Things[Things[dataPlant.rows[s].name].GetValueStream()].AddTags({
                                        				tags: 'Applications:Backup' /* TAGS */
                                        			});
                                        		}
                                        	}
                                        
                                        	var paramsRegion = {
                                        		maxItems: undefined /* NUMBER */ ,
                                        		nameMask: undefined /* STRING */ ,
                                        		thingTemplate: 'KBLocalRegionThingTemplate' /* THINGTEMPLATENAME */ ,
                                        	};
                                        
                                        	// result: INFOTABLE dataShape: RootEntityList
                                        	var dataRegion = Resources["SearchFunctions"].SearchThingsByTemplateWithPersistent(paramsRegion);
                                        
                                        	for (var r = 0; r < dataRegion.rows.length; r++) {
                                        		if (!isBackupTagPresent(dataRegion.rows[r].name)) {
                                        			Things[dataRegion.rows[r].name].AddTags({
                                        				tags: 'Applications:Backup' /* TAGS */
                                        			});
                                        		}
                                        		if (Resources["PTC.Factory.CommonUtilities"].DoesThingExists({
                                        				thingName: Things[dataRegion.rows[r].name].GetValueStream()
                                        			})) {
                                        			Things[Things[dataRegion.rows[r].name].GetValueStream()].AddTags({
                                        				tags: 'Applications:Backup' /* TAGS */
                                        			});
                                        		}
                                        	}
                                        
                                        	var paramsExtension = {
                                        		maxItems: undefined /* NUMBER */ ,
                                        		nameMask: undefined /* STRING */ ,
                                        		thingTemplate: 'KBLocalExtensionThingTemplate' /* THINGTEMPLATENAME */ ,
                                        	};
                                        
                                        	// result: INFOTABLE dataShape: RootEntityList
                                        	var dataExtension = Resources["SearchFunctions"].SearchThingsByTemplateWithPersistent(paramsExtension);
                                        
                                        	for (var q = 0; q < dataExtension.rows.length; q++) {
                                        		if (!isBackupTagPresent(dataExtension.rows[q].name)) {
                                        			Things[dataExtension.rows[q].name].AddTags({
                                        				tags: 'Applications:Backup' /* TAGS */
                                        			});
                                        		}
                                        		if (Resources["PTC.Factory.CommonUtilities"].DoesThingExists({
                                        				thingName: Things[dataExtension.rows[q].name].GetValueStream()
                                        			})) {
                                        			Things[Things[dataExtension.rows[q].name].GetValueStream()].AddTags({
                                        				tags: 'Applications:Backup' /* TAGS */
                                        			});
                                        		}
                                        	}
                                        
                                        	var paramsDB = {
                                        		maxItems: undefined /* NUMBER */ ,
                                        		nameMask: undefined /* STRING */ ,
                                        		thingTemplate: 'KBKPILocalThingWorxDatabaseTemplate' /* THINGTEMPLATENAME */ ,
                                        	};
                                        
                                        	// result: INFOTABLE dataShape: RootEntityList
                                        	var dataDb = Resources["SearchFunctions"].SearchThingsByTemplateWithPersistent(paramsDB);
                                        
                                        	for (var p = 0; p < dataDb.rows.length; p++) {
                                        		if (!isBackupTagPresent(dataDb.rows[p].name)) {
                                        			Things[dataDb.rows[p].name].AddTags({
                                        				tags: 'Applications:Backup' /* TAGS */
                                        			});
                                        		}
                                        		if (Resources["PTC.Factory.CommonUtilities"].DoesThingExists({
                                        				thingName: Things[dataDb.rows[p].name].GetValueStream()
                                        			})) {
                                        			Things[Things[dataDb.rows[p].name].GetValueStream()].AddTags({
                                        				tags: 'Applications:Backup' /* TAGS */
                                        			});
                                        		}
                                        	}
                                        
                                        		me.TakeBackup();
                                        } catch (err) {
                                        	logger.error("Error on service GetTemplateandThingsDerviedFromKBLocalStationThingTemplate: " + err + " on thing:" + me.name + " at:" + err.lineNumber);
                                        }
                                        ]]>
                                        </code>
                                    </Row>
                                </Rows>
                            </ConfigurationTable>
                        </ConfigurationTables>
                    </ServiceImplementation>
                    <ServiceImplementation
                     description=""
                     handlerName="Script"
                     name="TakeBackup">
                        <ConfigurationTables>
                            <ConfigurationTable
                             description=""
                             isMultiRow="false"
                             name="Script"
                             ordinal="0">
                                <DataShape>
                                    <FieldDefinitions>
                                        <FieldDefinition
                                         baseType="STRING"
                                         description="code"
                                         name="code"
                                         ordinal="0"></FieldDefinition>
                                    </FieldDefinitions>
                                </DataShape>
                                <Rows>
                                    <Row>
                                        <code>
                                        <![CDATA[
                                        var tempDate = new Date();
                                        var fullDate = tempDate.getDate() + '_' + (tempDate.getMonth() + 1) + '_' + tempDate.getFullYear();
                                        try {
                                        	var tempList = Things["KBCodeBackupSchedulerRespository"].GetFileListing({
                                        		path: '/' + 'GWIndustrialStationThingsBackup' /* STRING */ ,
                                        		nameMask: undefined /* STRING */
                                        	});
                                        	tempList.Sort({
                                        		name: 'lastModifiedDate',
                                        		ascending: true
                                        	});
                                        	if (tempList.length > 14) {
                                        		for (var v = 0; v < 1; v++) {
                                        			Things["KBCodeBackupSchedulerRespository"].DeleteFile({
                                        				path: '/' + 'GWIndustrialStationThingsBackup' + "/" + tempList.rows[v].name /* STRING */
                                        			});
                                        		}
                                        	}
                                        	var tempResult = Resources["SourceControlFunctions"].ExportSourceControlledEntitiesToZipFile({
                                        		path: '/' + 'GWIndustrialStationThingsBackup' /* STRING */ ,
                                        		endDate: undefined /* DATETIME */ ,
                                        		name: 'GWIndustrialStationThingsBackup' + '_' + fullDate /* STRING */ ,
                                        		includeDependents: true /* BOOLEAN */ ,
                                        		collection: undefined /* STRING */ ,
                                        		repositoryName: 'KBCodeBackupSchedulerRespository' /* THINGNAME */ ,
                                        		projectName: undefined /* PROJECTNAME */ ,
                                        		startDate: undefined /* DATETIME */ ,
                                        		tags: 'Applications:Backup' /* TAGS */
                                        	});
                                        } catch (e) {
                                        	logger.error("Code back porject error " + e);
                                        }
                                        ]]>
                                        </code>
                                    </Row>
                                </Rows>
                            </ConfigurationTable>
                        </ConfigurationTables>
                    </ServiceImplementation>
                </ServiceImplementations>
                <Subscriptions>
                    <Subscription
                     description=""
                     enabled="true"
                     eventName="ScheduledEvent"
                     name="createBackup"
                     source=""
                     sourceProperty=""
                     sourceType="Thing">
                        <ServiceImplementation
                         description=""
                         handlerName="Script"
                         name="createBackup">
                            <ConfigurationTables>
                                <ConfigurationTable
                                 description=""
                                 isMultiRow="false"
                                 name="Script"
                                 ordinal="0">
                                    <DataShape>
                                        <FieldDefinitions>
                                            <FieldDefinition
                                             baseType="STRING"
                                             description="code"
                                             name="code"
                                             ordinal="0"></FieldDefinition>
                                        </FieldDefinitions>
                                    </DataShape>
                                    <Rows>
                                        <Row>
                                            <code>
                                            <![CDATA[
                                            me.CreateFolder();
                                            ]]>
                                            </code>
                                        </Row>
                                    </Rows>
                                </ConfigurationTable>
                            </ConfigurationTables>
                        </ServiceImplementation>
                    </Subscription>
                </Subscriptions>
            </ThingShape>
            <PropertyBindings></PropertyBindings>
            <RemotePropertyBindings></RemotePropertyBindings>
            <RemoteServiceBindings></RemoteServiceBindings>
            <RemoteEventBindings></RemoteEventBindings>
            <AlertConfigurations></AlertConfigurations>
            <ImplementedShapes></ImplementedShapes>
            <ThingProperties></ThingProperties>
        </Thing>
    </Things>
</Entities>