<?xml version="1.0" encoding="UTF-8" standalone="no"?>
<Entities build="b52" majorVersion="8" minorVersion="0"
	modelPersistenceProviderPackage="MssqlPersistenceProviderPackage"
	revision="3" schemaVersion="1000">
	<ThingShapes>
		<ThingShape className="" description=""
			documentationContent="" homeMashup=""
			lastModifiedDate="2018-03-06T15:59:17.664+01:00"
			name="KBLocalThingExtensionShape" projectName="KBBasics"
			tags="KBThingWorxInstallationVocabulary:00_Basics">
			<PropertyDefinitions>
				<PropertyDefinition aspect.cacheTime="0.0"
					aspect.dataChangeType="VALUE" aspect.isLogged="false"
					aspect.isPersistent="true" aspect.isReadOnly="false"
					baseType="STRING" category="" description="" isLocalOnly="false"
					name="LocalExtension" ordinal="1" />
			</PropertyDefinitions>
			<ServiceDefinitions>
				<ServiceDefinition aspect.isAsync="false"
					category="" description="" isAllowOverride="false"
					isLocalOnly="false" isOpen="false" isPrivate="false"
					name="CreateLocalExtension">
					<ResultType baseType="NOTHING" description=""
						name="result" ordinal="0" />
					<ParameterDefinitions />
				</ServiceDefinition>
			</ServiceDefinitions>
			<EventDefinitions />
			<ServiceMappings />
			<ServiceImplementations>
				<ServiceImplementation description=""
					handlerName="Script" name="CreateLocalExtension">
					<ConfigurationTables>
						<ConfigurationTable description="Script"
							isMultiRow="false" name="Script" ordinal="0">
							<DataShape>
								<FieldDefinitions>
									<FieldDefinition baseType="STRING"
										description="code" name="code" ordinal="0" />
								</FieldDefinitions>
							</DataShape>
							<Rows>
								<Row>
									<code><![CDATA[var extensionThingName = me.name + ".LocalExtension";
me.LocalExtension = extensionThingName;

var params = {
	thingName: extensionThingName /* STRING */
};

// result: BOOLEAN
if (!Resources["PTC.Factory.CommonUtilities"].DoesThingExists(params)) {
    
    var params = {
        name: extensionThingName /* STRING */,
        description: "Local Extension for plant use of Thing " + me.name /* STRING */,
        thingTemplateName: "KBLocalExtensionThingTemplate" /* THINGTEMPLATENAME */,
        tags: undefined /* TAGS */
    };

    Resources["EntityServices"].CreateThing(params);
    Things[extensionThingName].EnableThing();
    Things[extensionThingName].RestartThing();
	
    var params = {
        principal: "KBOrganization" /* STRING */,
        principalType: "Organization" /* STRING */
    };
    // no return
    Things[extensionThingName].AddVisibilityPermission(params);

    
    var params = {
        type: "PropertyRead" /* STRING */,
        resource: "*" /* STRING */,
        principal: "KBUserGroup" /* STRING */,
        principalType: "Group" /* STRING */,
        allow: true /* BOOLEAN */
    };

    // no return
    Things[extensionThingName].AddRunTimePermission(params);


    var params = {
        principal: "KBLocalAdministrators" /* STRING */,
        allow: true /* BOOLEAN */,
        type: "Create" /* STRING */,
        principalType: "Group" /* STRING */
    };
    // no return
    Things[extensionThingName].AddDesignTimePermission(params);

    var params = {
        principal: "KBLocalAdministrators" /* STRING */,
        allow: true /* BOOLEAN */,
        type: "Read" /* STRING */,
        principalType: "Group" /* STRING */
    };
    // no return
    Things[extensionThingName].AddDesignTimePermission(params);

    var params = {
        principal: "KBLocalAdministrators" /* STRING */,
        allow: true /* BOOLEAN */,
        type: "Update" /* STRING */,
        principalType: "Group" /* STRING */
    };
    // no return
    Things[extensionThingName].AddDesignTimePermission(params);

    var params = {
        principal: "KBLocalAdministrators" /* STRING */,
        allow: false /* BOOLEAN */,
        type: "Delete" /* STRING */,
        principalType: "Group" /* STRING */
    };
    // no return
    Things[extensionThingName].AddDesignTimePermission(params);


    var params = {
        principal: "KBLocalDevelopers" /* STRING */,
        allow: true /* BOOLEAN */,
        type: "Create" /* STRING */,
        principalType: "Group" /* STRING */
    };
    // no return
    Things[extensionThingName].AddDesignTimePermission(params);

    var params = {
        principal: "KBLocalDevelopers" /* STRING */,
        allow: true /* BOOLEAN */,
        type: "Read" /* STRING */,
        principalType: "Group" /* STRING */
    };
    // no return
    Things[extensionThingName].AddDesignTimePermission(params);

    var params = {
        principal: "KBLocalDevelopers" /* STRING */,
        allow: true /* BOOLEAN */,
        type: "Update" /* STRING */,
        principalType: "Group" /* STRING */
    };
    // no return
    Things[extensionThingName].AddDesignTimePermission(params);

    var params = {
        principal: "KBLocalDevelopers" /* STRING */,
        allow: false /* BOOLEAN */,
        type: "Delete" /* STRING */,
        principalType: "Group" /* STRING */
    };
    // no return
    Things[extensionThingName].AddDesignTimePermission(params);

}


Things[extensionThingName].RelatedGlobalThing = me.name;
]]></code>
								</Row>
							</Rows>
						</ConfigurationTable>
					</ConfigurationTables>
				</ServiceImplementation>
			</ServiceImplementations>
			<Subscriptions>
				<Subscription enabled="true" eventName="ThingStart"
					source="" sourceProperty="">
					<ServiceImplementation description=""
						handlerName="Script" name="Event.ThingStart">
						<ConfigurationTables>
							<ConfigurationTable description=""
								isMultiRow="false" name="Script" ordinal="0">
								<DataShape>
									<FieldDefinitions>
										<FieldDefinition baseType="STRING"
											description="code" name="code" ordinal="0" />
									</FieldDefinitions>
								</DataShape>
								<Rows>
									<Row>
										<code><![CDATA[
me.CreateLocalExtension();

]]></code>
									</Row>
								</Rows>
							</ConfigurationTable>
						</ConfigurationTables>
					</ServiceImplementation>
				</Subscription>
			</Subscriptions>
			<Owner name="adm-flassakm" type="User" />
			<avatar />
			<DesignTimePermissions>
				<Create />
				<Read />
				<Update />
				<Delete />
				<Metadata />
			</DesignTimePermissions>
			<RunTimePermissions>
				<Permissions resourceName="*">
					<PropertyRead>
						<Principal isPermitted="true" name="KBUserGroup"
							type="Group" />
					</PropertyRead>
					<PropertyWrite>
						<Principal isPermitted="true" name="KBUserGroup"
							type="Group" />
					</PropertyWrite>
					<ServiceInvoke>
						<Principal isPermitted="true" name="KBUserGroup"
							type="Group" />
					</ServiceInvoke>
					<EventInvoke>
						<Principal isPermitted="true" name="KBUserGroup"
							type="Group" />
					</EventInvoke>
					<EventSubscribe>
						<Principal isPermitted="true" name="KBUserGroup"
							type="Group" />
					</EventSubscribe>
				</Permissions>
			</RunTimePermissions>
			<VisibilityPermissions>
				<Visibility>
					<Principal isPermitted="true" name="KBOrganization"
						type="Organization" />
				</Visibility>
			</VisibilityPermissions>
			<ConfigurationTables />
			<ConfigurationChanges>
				<ConfigurationChange changeAction="CREATE"
					changeReason="header : name : updated&#10;documentation : updated&#10;visibility permissions : updated&#10;run time permissions : updated&#10;"
					timestamp="2018-03-06T15:49:56.693+01:00" user="adm-flassakm" />
				<ConfigurationChange changeAction="MODIFY"
					changeReason="properties : LocalExtension : Added&#10;services : CreateLocalExtension : Code Updated, Service Added&#10;"
					timestamp="2018-03-06T15:52:18.396+01:00" user="adm-flassakm" />
				<ConfigurationChange changeAction="MODIFY"
					changeReason="subscriptions : New subscription : Code Updated, ThingStart : New subscription, Subscription Added&#10;"
					timestamp="2018-03-06T15:52:57.021+01:00" user="adm-flassakm" />
				<ConfigurationChange changeAction="MODIFY"
					changeReason="header : projectName : updated, tags : updated&#10;"
					timestamp="2018-03-06T15:59:17.664+01:00" user="adm-flassakm" />
			</ConfigurationChanges>
			<PropertyBindings />
			<RemotePropertyBindings />
			<RemoteServiceBindings />
			<RemoteEventBindings />
			<AlertConfigurations>
				<AlertDefinitions name="LocalExtension" />
			</AlertConfigurations>
			<InstanceRunTimePermissions />
		</ThingShape>
	</ThingShapes>
</Entities>