<?xml version="1.0" encoding="UTF-8" standalone="no"?>
<Entities build="b167" majorVersion="8" minorVersion="2"
	modelPersistenceProviderPackage="MssqlPersistenceProviderPackage"
	revision="2" schemaVersion="1020" universal="">
	<Things>
		<Thing description="***DEPRECATED***" documentationContent=""
			effectiveThingPackage="SchedulerThing" enabled="false" homeMashup=""
			identifier="" lastModifiedDate="2018-09-21T11:32:27.706+02:00"
			name="DEPRECATED-KBLicenseScheduler" projectName="KBBasics" published="false"
			tags="KBThingWorxInstallationVocabulary:00_Basics"
			thingTemplate="Scheduler" valueStream="">
			<Owner name="adm-flassakm" type="User" />
			<avatar />
			<DesignTimePermissions>
				<Create />
				<Read />
				<Update />
				<Delete />
				<Metadata />
			</DesignTimePermissions>
			<RunTimePermissions />
			<VisibilityPermissions>
				<Visibility />
			</VisibilityPermissions>
			<ConfigurationTables>
				<ConfigurationTable
					description="General Settings" isMultiRow="false" name="Settings"
					ordinal="0">
					<DataShape>
						<FieldDefinitions>
							<FieldDefinition aspect.defaultValue="true"
								baseType="BOOLEAN"
								description="Automatically enable scheduler on startup"
								name="enabled" ordinal="0" />
							<FieldDefinition baseType="USERNAME"
								description="User context in which to run event handlers"
								name="runAsUser" ordinal="0" />
							<FieldDefinition
								aspect.defaultValue="0 0/1 * * * ?" baseType="SCHEDULE"
								description="Execution Schedule (Cron String)" name="schedule"
								ordinal="0" />
						</FieldDefinitions>
					</DataShape>
					<Rows>
						<Row>
							<enabled>true</enabled>
							<runAsUser>
								<![CDATA[Administrator]]>
							</runAsUser>
							<schedule><![CDATA[0 0 0/1 * * ? * ]]></schedule>
						</Row>
					</Rows>
				</ConfigurationTable>
			</ConfigurationTables>
			<ThingShape>
				<PropertyDefinitions />
				<ServiceDefinitions>
					<ServiceDefinition aspect.isAsync="false"
						category="" description="" isAllowOverride="false"
						isLocalOnly="false" isOpen="false" isPrivate="false" name="Config">
						<ResultType baseType="NOTHING" description=""
							name="result" ordinal="0" />
						<ParameterDefinitions />
					</ServiceDefinition>
					<ServiceDefinition aspect.isAsync="false"
						category="" description="" isAllowOverride="false"
						isLocalOnly="false" isOpen="false" isPrivate="false"
						name="Handler">
						<ResultType baseType="NOTHING" description=""
							name="result" ordinal="0" />
						<ParameterDefinitions />
					</ServiceDefinition>
					<ServiceDefinition aspect.isAsync="false"
						category="" description="" isAllowOverride="false"
						isLocalOnly="false" isOpen="false" isPrivate="false" name="Start">
						<ResultType baseType="NOTHING" description=""
							name="result" ordinal="0" />
						<ParameterDefinitions />
					</ServiceDefinition>
					<ServiceDefinition aspect.isAsync="false"
						category="" description="" isAllowOverride="false"
						isLocalOnly="false" isOpen="false" isPrivate="false" name="Stop">
						<ResultType baseType="NOTHING" description=""
							name="result" ordinal="0" />
						<ParameterDefinitions />
					</ServiceDefinition>
				</ServiceDefinitions>
				<EventDefinitions />
				<ServiceMappings />
				<ServiceImplementations>
					<ServiceImplementation description=""
						handlerName="Script" name="Config">
						<ConfigurationTables>
							<ConfigurationTable description="Script"
								isMultiRow="false" name="Script" ordinal="0">
								<DataShape>
									<FieldDefinitions>
										<FieldDefinition baseType="STRING"
											description="code" name="code" ordinal="0" />
									</FieldDefinitions>
								</DataShape>
								<Rows>
									<Row>
										<code><![CDATA[

var params = {
	values: {
	schedule : "0 0 0/1 * * ? * ",
	enabled : true,
    runAsUser : ""
} /* JSON */
};

// result: INFOTABLE
var Values = DataShapes["KBSchedulerSettingDataShape"].CreateValuesWithData(params);

var params = {
	configurationTable: Values /* INFOTABLE */,
	persistent: true /* BOOLEAN */,
	tableName: "Settings" /* STRING */
};

me.SetConfigurationTable(params);
]]></code>
									</Row>
								</Rows>
							</ConfigurationTable>
						</ConfigurationTables>
					</ServiceImplementation>
					<ServiceImplementation description=""
						handlerName="Script" name="Handler">
						<ConfigurationTables>
							<ConfigurationTable description="Script"
								isMultiRow="false" name="Script" ordinal="0">
								<DataShape>
									<FieldDefinitions>
										<FieldDefinition baseType="STRING"
											description="code" name="code" ordinal="0" />
									</FieldDefinitions>
								</DataShape>
								<Rows>
									<Row>
										<code><![CDATA[
var location = Resources["KBThingWorxServerSystem"].GetLocationIdentifier();

if (location != "MIL" && location != "MUC" && location != "ALD") {
	// dateValue:DATETIME
	var dateValue = new Date();
	
	var currentHour = dateValue.getHours();
	
	if (currentHour >= 18) {
	    
		me.Stop();
	
	} else if (currentHour <= 8) {
	    
		me.Stop();
	
	} else {
	
		me.Start();
	
	}
}]]></code>
									</Row>
								</Rows>
							</ConfigurationTable>
						</ConfigurationTables>
					</ServiceImplementation>
					<ServiceImplementation description=""
						handlerName="Script" name="Start">
						<ConfigurationTables>
							<ConfigurationTable description="Script"
								isMultiRow="false" name="Script" ordinal="0">
								<DataShape>
									<FieldDefinitions>
										<FieldDefinition baseType="STRING"
											description="code" name="code" ordinal="0" />
									</FieldDefinitions>
								</DataShape>
								<Rows>
									<Row>
										<code><![CDATA[logger.debug("Enable DB's");



var params = {
	maxItems: undefined /* NUMBER */,
	nameMask: undefined /* STRING */,
	query: undefined /* QUERY */,
	thingTemplate: "Database" /* THINGTEMPLATENAME */,
	tags: undefined /* TAGS */
};

// result: INFOTABLE dataShape: RootEntityList
var DBs = Resources["SearchFunctions"].SearchThingsByTemplateWithPersistent(params);

var tableLength = DBs.rows.length;

for (var x = 0; x < tableLength; x++) {
	var row = DBs.rows[x];
	//Your code here
    
	if (!Things[row.name].IsEnabled()) {
        logger.debug("Enable DB " + row.name);
        // no return
        Things[row.name].EnableThing();
        Things[row.name].RestartThing();

    }}

]]></code>
									</Row>
								</Rows>
							</ConfigurationTable>
						</ConfigurationTables>
					</ServiceImplementation>
					<ServiceImplementation description=""
						handlerName="Script" name="Stop">
						<ConfigurationTables>
							<ConfigurationTable description="Script"
								isMultiRow="false" name="Script" ordinal="0">
								<DataShape>
									<FieldDefinitions>
										<FieldDefinition baseType="STRING"
											description="code" name="code" ordinal="0" />
									</FieldDefinitions>
								</DataShape>
								<Rows>
									<Row>
										<code><![CDATA[
// result: STRING
if (Resources["KBThingWorxServerSystem"].GetStagingIdentifier() != "PROD") {
    
    logger.error("No Productive System, disable DBs");





    var params = {
        maxItems: undefined /* NUMBER */,
        nameMask: undefined /* STRING */,
        query: undefined /* QUERY */,
        thingTemplate: "Database" /* THINGTEMPLATENAME */,
        tags: undefined /* TAGS */
    };

    // result: INFOTABLE dataShape: RootEntityList
    var DBs = Resources["SearchFunctions"].SearchThingsByTemplateWithPersistent(params);

    var tableLength = DBs.rows.length;

    for (var x = 0; x < tableLength; x++) {
        var row = DBs.rows[x];
        //Your code here

        // no return
        if (Things[row.name].IsEnabled()) {
		    logger.error("Disable DB " + row.name);
	        Things[row.name].DisableThing();
        }
    }

}
]]></code>
									</Row>
								</Rows>
							</ConfigurationTable>
						</ConfigurationTables>
					</ServiceImplementation>
				</ServiceImplementations>
				<Subscriptions>
					<Subscription enabled="false"
						eventName="ScheduledEvent" source="" sourceProperty="">
						<ServiceImplementation description=""
							handlerName="Script" name="Event.ScheduledEvent">
							<ConfigurationTables>
								<ConfigurationTable description=""
									isMultiRow="false" name="Script" ordinal="0">
									<DataShape>
										<FieldDefinitions>
											<FieldDefinition baseType="STRING"
												description="code" name="code" ordinal="0" />
										</FieldDefinitions>
									</DataShape>
									<Rows>
										<Row>
											<code><![CDATA[
me.Handler();

]]></code>
										</Row>
									</Rows>
								</ConfigurationTable>
							</ConfigurationTables>
						</ServiceImplementation>
					</Subscription>
					<Subscription enabled="true" eventName="ThingStart"
						source="" sourceProperty="">
						<ServiceImplementation description=""
							handlerName="Script" name="Event.ThingStart">
							<ConfigurationTables>
								<ConfigurationTable description=""
									isMultiRow="false" name="Script" ordinal="0">
									<DataShape>
										<FieldDefinitions>
											<FieldDefinition baseType="STRING"
												description="code" name="code" ordinal="0" />
										</FieldDefinitions>
									</DataShape>
									<Rows>
										<Row>
											<code><![CDATA[
me.Config();

]]></code>
										</Row>
									</Rows>
								</ConfigurationTable>
							</ConfigurationTables>
						</ServiceImplementation>
					</Subscription>
				</Subscriptions>
			</ThingShape>
			<PropertyBindings />
			<RemotePropertyBindings />
			<RemoteServiceBindings />
			<RemoteEventBindings />
			<AlertConfigurations />
			<ImplementedShapes />
			<ThingProperties />
		</Thing>
	</Things>
</Entities>