<?xml version="1.0" encoding="UTF-8" standalone="no"?>
<Entities build="b527" majorVersion="9" minorVersion="0"
	modelPersistenceProviderPackage="MssqlPersistenceProviderPackage"
	revision="8" schemaVersion="1107" universal="">
	<ThingTemplates>
		<ThingTemplate baseThingTemplate="Timer" description=""
			documentationContent="" effectiveThingPackage="TimerThing"
			homeMashup=""
			lastModifiedDate="2021-08-19T05:33:49.917Z" name="KBTimerTemplate_V1"
			projectName="KBBasics" tags="" thingPackage="" valueStream="">
			<Owner name="adm-flassakm" type="User" />
			<avatar />
			<DesignTimePermissions>
				<Create />
				<Read />
				<Update />
				<Delete />
				<Metadata />
			</DesignTimePermissions>
			<RunTimePermissions />
			<VisibilityPermissions>
				<Visibility />
			</VisibilityPermissions>
			<ConfigurationTableDefinitions />
			<ConfigurationTables>
				<ConfigurationTable 
					description="General Settings" isHidden="true" isMultiRow="false"
					name="Settings" ordinal="0">
					<DataShape>
						<FieldDefinitions>
							<FieldDefinition aspect.defaultValue="true"
								baseType="BOOLEAN"
								description="Automatically enable timer on startup"
								name="enabled" ordinal="0" />
							<FieldDefinition baseType="USERNAME"
								description="User context in which to run event handlers"
								name="runAsUser" ordinal="0" />
							<FieldDefinition aspect.defaultValue="60000.0"
								baseType="NUMBER" description="Update rate" name="updateRate"
								ordinal="0" />
						</FieldDefinitions>
					</DataShape>
					<Rows>
						<Row>
							<enabled>true</enabled>
							<runAsUser><![CDATA[Administrator]]></runAsUser>
							<updateRate>60000.0</updateRate>
						</Row>
					</Rows>
				</ConfigurationTable>
			</ConfigurationTables>
			<PropertyBindings />
			<RemotePropertyBindings />
			<RemoteServiceBindings />
			<RemoteEventBindings />
			<AlertConfigurations>
				<AlertDefinitions name="isActive" />
				<AlertDefinitions name="isRunning" />
				<AlertDefinitions name="LastRunEnd" />
				<AlertDefinitions name="LastRunResult" />
				<AlertDefinitions name="LastRunStart" />
			</AlertConfigurations>
			<ThingShape>
				<PropertyDefinitions>
					<PropertyDefinition aspect.cacheTime="0.0"
						aspect.dataChangeType="VALUE" aspect.defaultValue="false"
						aspect.isPersistent="true" baseType="BOOLEAN" category=""
						description="" isLocalOnly="false" name="isActive" ordinal="2" />
					<PropertyDefinition aspect.cacheTime="0.0"
						aspect.dataChangeType="VALUE" aspect.defaultValue="false"
						baseType="BOOLEAN" category="" description="" isLocalOnly="false"
						name="isRunning" ordinal="3" />
					<PropertyDefinition aspect.cacheTime="0.0"
						aspect.dataChangeType="VALUE" aspect.isPersistent="true"
						baseType="DATETIME" category="" description="" isLocalOnly="false"
						name="LastRunEnd" ordinal="4" />
					<PropertyDefinition aspect.cacheTime="0.0"
						aspect.dataChangeType="VALUE" aspect.isPersistent="true"
						baseType="STRING" category="" description="" isLocalOnly="false"
						name="LastRunResult" ordinal="6" />
					<PropertyDefinition aspect.cacheTime="0.0"
						aspect.dataChangeType="VALUE" aspect.isPersistent="true"
						baseType="DATETIME" category="" description="" isLocalOnly="false"
						name="LastRunStart" ordinal="5" />
				</PropertyDefinitions>
				<ServiceDefinitions />
				<EventDefinitions />
				<ServiceMappings />
				<ServiceImplementations />
				<Subscriptions />
			</ThingShape>
			<ImplementedShapes />
			<SharedConfigurationTables />
			<InstanceDesignTimePermissions>
				<Create />
				<Read />
				<Update />
				<Delete />
				<Metadata />
			</InstanceDesignTimePermissions>
			<InstanceRunTimePermissions />
			<InstanceVisibilityPermissions>
				<Visibility />
			</InstanceVisibilityPermissions>
		</ThingTemplate>
	</ThingTemplates>
</Entities>