<?xml version="1.0" encoding="UTF-8" standalone="no"?>
<Entities build="b167" majorVersion="8" minorVersion="2"
	modelPersistenceProviderPackage="MssqlPersistenceProviderPackage"
	revision="2" schemaVersion="1020" universal="">
	<Things>
		<Thing description="" documentationContent=""
			effectiveThingPackage="MailThing" enabled="true" homeMashup=""
			identifier="" lastModifiedDate="2018-08-23T11:42:41.812+02:00"
			name="KBMailServerMUCThing" projectName="KBBasics"
			published="false" tags="KBThingWorxInstallationVocabulary:00_Basics"
			thingTemplate="MailServer" valueStream="">
			<Owner name="adm-flassakm" type="User" />
			<avatar />
			<DesignTimePermissions>
				<Create />
				<Read />
				<Update />
				<Delete />
				<Metadata />
			</DesignTimePermissions>
			<RunTimePermissions>
                <Permissions
                 resourceName="*">
                    <PropertyRead>
                        <Principal
                         isPermitted="true"
                         name="KBMesKitHelperUser"
                         type="User"></Principal>
                        <Principal
                         isPermitted="true"
                         name="KBUserGroup"
                         type="Group"></Principal>
                    </PropertyRead>
                    <PropertyWrite></PropertyWrite>
                    <ServiceInvoke>
                        <Principal
                         isPermitted="true"
                         name="KBMesKitHelperUser"
                         type="User"></Principal>
                        <Principal
                         isPermitted="true"
                         name="KBUserGroup"
                         type="Group"></Principal>
                    </ServiceInvoke>
                    <EventInvoke></EventInvoke>
                    <EventSubscribe></EventSubscribe>
                </Permissions>
            </RunTimePermissions>
			<VisibilityPermissions>
				<Visibility />
			</VisibilityPermissions>
			<ConfigurationTables>
				<ConfigurationTable
					description="Mail Server Connection Parameters" isMultiRow="false"
					name="ConnectionInfo" ordinal="0">
					<DataShape>
						<FieldDefinitions>
							<FieldDefinition
								aspect.defaultValue="account@domain.com"
								aspect.friendlyName="Mail Account User" baseType="STRING"
								description="Mail account user id" name="accountId" ordinal="6" />
							<FieldDefinition
								aspect.friendlyName="Mail Account Password" baseType="PASSWORD"
								description="Mail account password" name="accountPassword"
								ordinal="7" />
							<FieldDefinition aspect.defaultValue="30000.0"
								aspect.friendlyName="Connection Timeout" baseType="NUMBER"
								description="Timeout (milliseconds) to establish a connection"
								name="connectionTimeout" ordinal="9" />
							<FieldDefinition
								aspect.friendlyName="Default From Field" baseType="STRING"
								description="Default From field" name="defaultFrom" ordinal="8" />
							<FieldDefinition
								aspect.defaultValue="SystemRepository"
								aspect.friendlyName="Attachment File Repository"
								baseType="THINGNAME"
								description="File Repository for recieved attachments"
								name="fileRepository" ordinal="13" />
							<FieldDefinition aspect.defaultValue="30000.0"
								aspect.friendlyName="Operation Timeout" baseType="NUMBER"
								description="Timeout (milliseconds) to perform an operation"
								name="operationTimeout" ordinal="10" />
							<FieldDefinition aspect.defaultValue="110.0"
								aspect.friendlyName="POP3 Server Port" baseType="NUMBER"
								description="POP3 server port" name="pop3Port" ordinal="3" />
							<FieldDefinition
								aspect.defaultValue="pop3.domain.com"
								aspect.friendlyName="POP3 Server" baseType="STRING"
								description="POP3 server name" name="pop3Server" ordinal="2" />
							<FieldDefinition aspect.defaultValue="80.0"
								aspect.friendlyName="SMTP Server Port" baseType="NUMBER"
								description="SMTP server port" name="smtpPort" ordinal="1" />
							<FieldDefinition
								aspect.defaultValue="smtp.domain.com"
								aspect.friendlyName="SMTP Server" baseType="STRING"
								description="SMTP server name" name="smtpServer" ordinal="0" />
							<FieldDefinition aspect.defaultValue=""
								aspect.friendlyName="Socks Host" baseType="STRING"
								description="Specifies the host name of a SOCKS5 proxy server that will be used for connections to the mail server"
								name="socksHost" ordinal="11" />
							<FieldDefinition aspect.defaultValue="1080.0"
								aspect.friendlyName="Socks Port" baseType="NUMBER"
								description="Specifies the port number for the SOCKS5 proxy server"
								name="socksPort" ordinal="12" />
							<FieldDefinition aspect.defaultValue="false"
								aspect.friendlyName="Use SSL" baseType="BOOLEAN"
								description="Use an SSL connection" name="useSSL" ordinal="5" />
							<FieldDefinition aspect.defaultValue="false"
								aspect.friendlyName="Use TLS" baseType="BOOLEAN"
								description="Use transport layer security" name="useTLS"
								ordinal="4" />
						</FieldDefinitions>
					</DataShape>
					<Rows>
						<Row>
							<accountId />
							<accountPassword />
							<connectionTimeout>30000.0</connectionTimeout>
							<defaultFrom><![CDATA[do-not-reply-to-thingworx@knorr-bremse.com]]></defaultFrom>
							<fileRepository><![CDATA[SystemRepository]]></fileRepository>
							<operationTimeout>30000.0</operationTimeout>
							<pop3Port>110.0</pop3Port>
							<pop3Server />
							<smtpPort>25.0</smtpPort>
							<smtpServer><![CDATA[smtp-relay.corp.knorr-bremse.com]]></smtpServer>
							<socksHost />
							<socksPort>1080.0</socksPort>
							<useSSL>false</useSSL>
							<useTLS>false</useTLS>
						</Row>
					</Rows>
				</ConfigurationTable>
				<ConfigurationTable
					description="Configurable options for notification handling"
					isHidden="true" isMultiRow="true" name="Handlers" ordinal="1">
					<DataShape>
						<FieldDefinitions>
							<FieldDefinition
								aspect.friendlyName="Configuration" baseType="DATASHAPENAME"
								description="The name of the data shape representing configuration data for the handler"
								name="configuration" ordinal="3" />
							<FieldDefinition aspect.friendlyName="Handler ID"
								baseType="GUID"
								description="The identifier for the type of supported notification handler"
								name="handlerID" ordinal="0" />
							<FieldDefinition
								aspect.friendlyName="Localized Name" baseType="STRING"
								description="The localized name for the type of notifications handler"
								name="localizedName" ordinal="1" />
							<FieldDefinition
								aspect.friendlyName="Service Name" baseType="STRING"
								description="The name of the service for sending notifications on the handler"
								name="serviceName" ordinal="2" />
						</FieldDefinitions>
					</DataShape>
					<Rows>
						<Row>
							<configuration><![CDATA[EmailContent]]></configuration>
							<handlerID><![CDATA[3f7f0fbf-2da7-46f1-8035-3d0cb37d43cf]]></handlerID>
							<localizedName><![CDATA[[[notificationHandlers.email]]]]></localizedName>
							<serviceName><![CDATA[Notify]]></serviceName>
						</Row>
					</Rows>
				</ConfigurationTable>
			</ConfigurationTables>
			<ThingShape>
				<PropertyDefinitions />
				<ServiceDefinitions />
				<EventDefinitions />
				<ServiceMappings />
				<ServiceImplementations />
				<Subscriptions />
			</ThingShape>
			<PropertyBindings />
			<RemotePropertyBindings />
			<RemoteServiceBindings />
			<RemoteEventBindings />
			<AlertConfigurations />
			<ImplementedShapes />
			<ThingProperties />
			<ConfigurationChanges>
				<ConfigurationChange changeAction="CREATE"
					changeReason="header : name : updated, projectName : updated, tags : updated, thingTemplate : updated&#10;"
					timestamp="2018-08-23T11:35:05.239+02:00" user="adm-flassakm" />
				<ConfigurationChange changeAction="MODIFY"
					changeReason="configuration : ConnectionInfo : updated&#10;"
					timestamp="2018-08-23T11:39:00.048+02:00" user="adm-flassakm" />
				<ConfigurationChange changeAction="MODIFY"
					changeReason="configuration : ConnectionInfo : updated&#10;"
					timestamp="2018-08-23T11:42:41.812+02:00" user="adm-flassakm" />
			</ConfigurationChanges>
		</Thing>
	</Things>
</Entities>