<?xml version="1.0" encoding="UTF-8" standalone="no"?>
<Entities build="b2151" majorVersion="8" minorVersion="4"
	modelPersistenceProviderPackage="MssqlPersistenceProviderPackage"
	revision="2" schemaVersion="1040" universal="">
	<Things>
		<Thing description="" documentationContent=""
			effectiveThingPackage="FileRepositoryThing" enabled="true"
			homeMashup="" identifier=""
			lastModifiedDate="2019-11-21T10:15:02.484+01:00"
			name="KBTestBenchFileRepository" projectName="KBBasics" published="false"
			tags="" thingTemplate="FileRepository" valueStream="">
			<Owner name="adm-flassakm" type="User" />
			<avatar />
			<DesignTimePermissions>
				<Create />
				<Read>
					<Principal isPermitted="true"
						name="KBTestBenchFileRepositoryUser" type="User" />
				</Read>
				<Update>
					<Principal isPermitted="false"
						name="KBTestBenchFileRepositoryUser" type="User" />
				</Update>
				<Delete>
					<Principal isPermitted="false"
						name="KBTestBenchFileRepositoryUser" type="User" />
				</Delete>
				<Metadata />
			</DesignTimePermissions>
			<RunTimePermissions>
				<Permissions resourceName="*">
					<PropertyRead>
						<Principal isPermitted="true"
							name="KBTestBenchFileRepositoryUser" type="User" />
					</PropertyRead>
					<PropertyWrite>
						<Principal isPermitted="true"
							name="KBTestBenchFileRepositoryUser" type="User" />
					</PropertyWrite>
					<ServiceInvoke>
						<Principal isPermitted="true"
							name="KBTestBenchFileRepositoryUser" type="User" />
					</ServiceInvoke>
					<EventInvoke>
						<Principal isPermitted="true"
							name="KBTestBenchFileRepositoryUser" type="User" />
					</EventInvoke>
					<EventSubscribe>
						<Principal isPermitted="true"
							name="KBTestBenchFileRepositoryUser" type="User" />
					</EventSubscribe>
				</Permissions>
			</RunTimePermissions>
			<VisibilityPermissions>
				<Visibility>
					<Principal isPermitted="true" name="KBBackGroundWorker"
						type="Organization" />
				</Visibility>
			</VisibilityPermissions>
			<ConfigurationTableDefinitions />
			<ConfigurationTables />
			<ThingShape>
				<PropertyDefinitions />
				<ServiceDefinitions>
				</ServiceDefinitions>
				<EventDefinitions />
				<ServiceMappings />
				<ServiceImplementations>
				</ServiceImplementations>
				<Subscriptions>
					<Subscription description="" enabled="true"
						eventName="ThingStart" name="Autostart" source=""
						sourceProperty="" sourceType="Thing">
						<ServiceImplementation description=""
							handlerName="Script" name="Autostart">
							<ConfigurationTables>
								<ConfigurationTable description=""
									isMultiRow="false" name="Script" ordinal="0">
									<DataShape>
										<FieldDefinitions>
											<FieldDefinition baseType="STRING"
												description="code" name="code" ordinal="0" />
										</FieldDefinitions>
									</DataShape>
									<Rows>
										<Row>
											<code><![CDATA[try {
    me.CreateFolder({
        path: "temp" /* STRING */
    });
} catch(err) {
	if (err == "JavaException: java.lang.Exception: File Already Exists") {
		logger.debug(me.name+": "+err);
	} else {
		logger.warn(me.name+": "+err);
	}
}

]]></code>
										</Row>
									</Rows>
								</ConfigurationTable>
							</ConfigurationTables>
						</ServiceImplementation>
					</Subscription>
				</Subscriptions>
			</ThingShape>
			<PropertyBindings />
			<RemotePropertyBindings />
			<RemoteServiceBindings />
			<RemoteEventBindings />
			<AlertConfigurations />
			<ImplementedShapes />
			<ThingProperties />
			<ConfigurationChanges>
			</ConfigurationChanges>
		</Thing>
	</Things>
</Entities>