<?xml version="1.0" encoding="UTF-8" standalone="no"?>
<Entities build="b52" majorVersion="8" minorVersion="0"
	modelPersistenceProviderPackage="MssqlPersistenceProviderPackage"
	revision="3" schemaVersion="1000">
	<ThingTemplates>
		<ThingTemplate
			baseThingTemplate="KBGenericThingTemplate" description=""
			documentationContent="" effectiveThingPackage="ConfiguredThing"
			homeMashup="" lastModifiedDate="2018-03-06T09:52:59.028+01:00"
			name="KBLocalExtensionThingTemplate" projectName="KBBasics" tags=""
			thingPackage="" valueStream="">
			<Owner name="adm-flassakm" type="User" />
			<avatar />
			<DesignTimePermissions>
				<Create />
				<Read />
				<Update />
				<Delete />
				<Metadata />
			</DesignTimePermissions>
			<RunTimePermissions>
				<Permissions resourceName="*">
					<PropertyRead>
						<Principal isPermitted="true" name="KBUserGroup"
							type="Group" />
					</PropertyRead>
					<PropertyWrite />
					<ServiceInvoke />
					<EventInvoke />
					<EventSubscribe />
				</Permissions>
			</RunTimePermissions>
			<VisibilityPermissions>
				<Visibility />
			</VisibilityPermissions>
			<ConfigurationTables />
			<PropertyBindings />
			<RemotePropertyBindings />
			<RemoteServiceBindings />
			<RemoteEventBindings />
			<AlertConfigurations>
				<AlertDefinitions name="RelatedGlobalThing" />
			</AlertConfigurations>
			<ThingShape>
				<PropertyDefinitions>
					<PropertyDefinition aspect.cacheTime="0.0"
						aspect.dataChangeType="VALUE" aspect.isLogged="false"
						aspect.isPersistent="true" aspect.isReadOnly="false"
						baseType="STRING" category="" description="" isLocalOnly="false"
						name="RelatedGlobalThing" ordinal="1" />
				</PropertyDefinitions>
				<ServiceDefinitions />
				<EventDefinitions />
				<ServiceMappings />
				<ServiceImplementations />
				<Subscriptions />
			</ThingShape>
			<ImplementedShapes />
			<SharedConfigurationTables />
			<InstanceDesignTimePermissions>
				<Create />
				<Read>
					<Principal isPermitted="true"
						name="KBLocalAdministrators" type="Group" />
					<Principal isPermitted="true" name="Administrators"
						type="Group" />
					<Principal isPermitted="true" name="KBLocalDevelopers"
						type="Group" />
				</Read>
				<Update>
					<Principal isPermitted="true"
						name="KBLocalAdministrators" type="Group" />
					<Principal isPermitted="true" name="Administrators"
						type="Group" />
					<Principal isPermitted="true" name="KBLocalDevelopers"
						type="Group" />
				</Update>
				<Delete>
					<Principal isPermitted="true" name="Administrators"
						type="Group" />
					<Principal isPermitted="false"
						name="KBLocalAdministrators" type="Group" />
					<Principal isPermitted="false" name="KBLocalDevelopers"
						type="Group" />
				</Delete>
				<Metadata />
			</InstanceDesignTimePermissions>
			<InstanceRunTimePermissions>
				<Permissions resourceName="*">
					<PropertyRead>
						<Principal isPermitted="true" name="KBUserGroup"
							type="Group" />
					</PropertyRead>
					<PropertyWrite>
						<Principal isPermitted="true" name="KBUserGroup"
							type="Group" />
					</PropertyWrite>
					<ServiceInvoke>
						<Principal isPermitted="true" name="KBUserGroup"
							type="Group" />
					</ServiceInvoke>
					<EventInvoke>
						<Principal isPermitted="true" name="KBUserGroup"
							type="Group" />
					</EventInvoke>
					<EventSubscribe>
						<Principal isPermitted="true" name="KBUserGroup"
							type="Group" />
					</EventSubscribe>
				</Permissions>
			</InstanceRunTimePermissions>
			<InstanceVisibilityPermissions>
				<Visibility />
			</InstanceVisibilityPermissions>
			<ConfigurationChanges>
				<ConfigurationChange changeAction="CREATE"
					changeReason="header : name : updated, projectName : updated, baseThingTemplate : updated&#10;documentation : updated&#10;properties : RelatedGlobalThing : Added&#10;"
					timestamp="2018-03-06T09:51:03.231+01:00" user="adm-flassakm" />
				<ConfigurationChange changeAction="MODIFY"
					changeReason="design time permissions : updated&#10;run time permissions : updated&#10;"
					timestamp="2018-03-06T09:52:59.028+01:00" user="adm-flassakm" />
			</ConfigurationChanges>
		</ThingTemplate>
	</ThingTemplates>
</Entities>