﻿<?xml version="1.0" encoding="UTF-8" standalone="no"?>
<Entities>
  <ExtensionPackages>
    <ExtensionPackage dependsOn="" description="" minimumThingWorxVersion="9.3.6" name="KBBasics" packageVersion="1.202526.1" vendor="Knorr-Bremse Services GmbH">
      <JarResources>
        <FileResource description="" file="kbbasics.jar" type="JAR" />
      </JarResources>
    </ExtensionPackage>
  </ExtensionPackages>
  <Resources>
    <Resource aspect.isCreatable="false" aspect.isEditableExtensionObject="false" className="com.kb.KBThingWorxServerSystem" description="" name="KBThingWorxServerSystem" />
  </Resources>
  <ThingShapes>
    <ThingShape aspect.isEditableExtensionObject="false" className="com.kb.KBFastemsThingShape" description="" name="KBFastemsThingShape" />
  </ThingShapes>
</Entities>