<?xml version="1.0" encoding="UTF-8" standalone="no"?>
<Entities build="b167" majorVersion="8" minorVersion="2"
	modelPersistenceProviderPackage="MssqlPersistenceProviderPackage"
	revision="2" schemaVersion="1020" universal="">
	<ApplicationKeys>
		<ApplicationKey clientName="" description=""
			documentationContent="" expirationDate="2030-12-31T22:59:59.000Z"
			homeMashup="" ipWhitelist=""
			keyId="ced14789-9319-45b1-979a-8f55b86f435a"
			lastModifiedDate="2019-03-19T08:56:55.090+01:00"
			name="KBGlobalDatabaseAppKey" projectName="KBBasics" tags=""
			userNameReference="KBDBServiceUser">
			<Owner name="adm-flassakm" type="User" />
			<avatar />
			<DesignTimePermissions>
				<Create />
				<Read />
				<Update />
				<Delete />
				<Metadata />
			</DesignTimePermissions>
			<RunTimePermissions />
			<VisibilityPermissions>
				<Visibility />
			</VisibilityPermissions>
			<ConfigurationTables />
			<ConfigurationChanges>
				<ConfigurationChange changeAction="CREATE"
					changeReason="header : name : updated, userNameReference : updated, expirationDate : updated&#10;"
					timestamp="2019-03-19T08:56:55.090+01:00" user="adm-flassakm" />
			</ConfigurationChanges>
		</ApplicationKey>
	</ApplicationKeys>
</Entities>