<?xml version="1.0" encoding="UTF-8" standalone="no"?>
<Entities build="b97" majorVersion="8" minorVersion="4"
	modelPersistenceProviderPackage="MssqlPersistenceProviderPackage"
	revision="11" schemaVersion="1044" universal="">
	<ApplicationKeys>
		<ApplicationKey clientName="" description=""
			documentationContent=""
			expirationDate="2099-10-24T11:45:43.598+02:00" homeMashup=""
			ipWhitelist="149.244.15.160,149.244.15.16,10.209.48.37"
			keyId="595d9204-9e53-44c6-b675-0cce40357079"
			lastModifiedDate="2020-10-23T11:45:43.598+02:00"
			name="KBLocalToGlobalSystemAppKey" projectName="KBBasics" tags=""
			userNameReference="Administrator">
			<Owner name="adm-flassakm" type="User" />
			<avatar />
			<DesignTimePermissions>
				<Create />
				<Read />
				<Update />
				<Delete />
				<Metadata />
			</DesignTimePermissions>
			<RunTimePermissions />
			<VisibilityPermissions>
				<Visibility />
			</VisibilityPermissions>
			<ConfigurationTableDefinitions />
			<ConfigurationTables />
			<ConfigurationChanges>
				<ConfigurationChange changeAction="CREATE"
					changeReason="header : name : updated, userNameReference : updated, ipWhitelist : updated, expirationDate : updated&#10;"
					timestamp="2020-10-23T11:45:43.598+02:00" user="adm-flassakm" />
			</ConfigurationChanges>
		</ApplicationKey>
	</ApplicationKeys>
</Entities>