<?xml version="1.0" encoding="UTF-8" standalone="no"?>
<Entities build="b2151" majorVersion="8" minorVersion="4"
	modelPersistenceProviderPackage="MssqlPersistenceProviderPackage"
	revision="2" schemaVersion="1040" universal="">
	<ApplicationKeys>
		<ApplicationKey clientName="" description=""
			documentationContent=""
			expirationDate="2040-12-31T00:00:00.000+01:00" homeMashup=""
			ipWhitelist="" keyId="88887b34-11c1-4e7e-9472-d9dca2ef86d6"
			lastModifiedDate="2019-11-21T09:35:53.207+01:00"
			name="KBTestBenchFileRepositoryAppKey" projectName="KBBasics" tags=""
			userNameReference="KBTestBenchFileRepositoryUser">
			<Owner name="adm-flassakm" type="User" />
			<avatar />
			<DesignTimePermissions>
				<Create />
				<Read />
				<Update />
				<Delete />
				<Metadata />
			</DesignTimePermissions>
			<RunTimePermissions />
			<VisibilityPermissions>
				<Visibility />
			</VisibilityPermissions>
			<ConfigurationTableDefinitions />
			<ConfigurationTables />
			<ConfigurationChanges>
				<ConfigurationChange changeAction="CREATE"
					changeReason="header : name : updated, userNameReference : updated, expirationDate : updated&#10;"
					timestamp="2019-11-21T09:35:53.192+01:00" user="adm-flassakm" />
			</ConfigurationChanges>
		</ApplicationKey>
	</ApplicationKeys>
</Entities>