<?xml version="1.0" encoding="UTF-8" standalone="no"?>
<Entities build="b52" majorVersion="8" minorVersion="0"
	modelPersistenceProviderPackage="MssqlPersistenceProviderPackage"
	revision="3" schemaVersion="1000">
	<ApplicationKeys>
		<ApplicationKey clientName="" description=""
			documentationContent=""
			expirationDate="2117-10-15T17:36:59.863+02:00" homeMashup=""
			ipWhitelist="" keyId="f8acfd1f-c83b-4dd9-a574-949d26a26aaa"
			lastModifiedDate="2017-11-08T16:56:05.727+01:00"
			name="KBSAPApplicationKey" projectName="KBBasics"
			tags="KBThingWorxInstallationVocabulary:ExtensionSAPConnector"
			userNameReference="KBSAPServiceUser">
			<Owner name="adm-flassakm" type="User" />
			<avatar />
			<DesignTimePermissions>
				<Create />
				<Read />
				<Update />
				<Delete />
				<Metadata />
			</DesignTimePermissions>
			<RunTimePermissions />
			<VisibilityPermissions>
				<Visibility />
			</VisibilityPermissions>
			<ConfigurationTables />
			<ConfigurationChanges>
				<ConfigurationChange changeAction="CREATE"
					changeReason="header : name : updated, userNameReference : updated&#10;"
					timestamp="2017-11-08T16:36:59.878+01:00" user="adm-flassakm" />
				<ConfigurationChange changeAction="MODIFY"
					changeReason="header : userNameReference : updated&#10;"
					timestamp="2017-11-08T16:56:05.727+01:00" user="adm-flassakm" />
			</ConfigurationChanges>
		</ApplicationKey>
	</ApplicationKeys>
</Entities>