<?xml version="1.0" encoding="UTF-8" standalone="no"?>
<Entities build="b2319" majorVersion="8" minorVersion="4"
	modelPersistenceProviderPackage="MssqlPersistenceProviderPackage"
	revision="4" schemaVersion="1041" universal="">
	<Organizations>
		<Organization description="" documentationContent=""
			homeMashup="" lastModifiedDate="2019-11-20T11:47:57.968+01:00"
			loginButtonStyle="" loginPrompt="" loginResetPassword="false"
			loginStyle="" mobileMashup="" name="KBBackGroundWorker"
			projectName="KBBasics"
			resetMailContent="&lt;p&gt;[[resetemail.requestmade]]&lt;/p&gt;&#10;&#10;&lt;p&gt;[[resetemail.instructions]]&lt;/p&gt;&#10;&#10;&#10;&#10;&#10;&#10;&#10;&#10;&lt;p&gt;[[resetemail.helpneeded]]&lt;/p&gt;"
			resetMailServer="" resetMailSubject="[[resetemail.subject]]"
			tags="KBThingWorxInstallationVocabulary:00_Basics">
			<Owner name="adm-konasm" type="User" />
			<avatar />
			<DesignTimePermissions>
				<Create />
				<Read />
				<Update />
				<Delete />
				<Metadata />
			</DesignTimePermissions>
			<RunTimePermissions />
			<VisibilityPermissions>
				<Visibility>
					<Principal isPermitted="true" name="KBBackGroundWorker"
						type="Organization" />
					<Principal isPermitted="true" name="KBOrganization"
						type="Organization" />
				</Visibility>
			</VisibilityPermissions>
			<ConfigurationTableDefinitions />
			<ConfigurationTables />
			<loginImage />
			<Connections>
				<Connection from="" to="KBBackGroundWorker" />
			</Connections>
			<OrganizationalUnits>
				<OrganizationalUnit description=""
					name="KBBackGroundWorker">
					<Members>
						<Members>
							<Member name="KBDBServiceUser" type="User" />
							<Member name="KBSAPServiceUser" type="User" />
							<Member name="NagiosRead" type="User" />
							<Member name="KBOGSHelperUser" type="User" />
							<Member name="KBMachineOperatorUserGroup" type="Group" />
							<Member name="KBTestBenchFileRepositoryUser" type="User" />
							<Member name="AtossUploadUser" type="User" />
						</Members>
					</Members>
				</OrganizationalUnit>
			</OrganizationalUnits>
			<ConfigurationChanges>
				<ConfigurationChange changeAction="CREATE"
					changeReason="header : name : updated&#10;"
					timestamp="2019-11-20T11:47:34.723+01:00" user="adm-konasm" />
				<ConfigurationChange changeAction="MODIFY"
					changeReason="" timestamp="2019-11-20T11:47:57.968+01:00"
					user="adm-konasm" />
			</ConfigurationChanges>
		</Organization>
	</Organizations>
</Entities>