<?xml version="1.0" encoding="UTF-8" standalone="no"?>
<Entities build="b52" majorVersion="8" minorVersion="0"
	modelPersistenceProviderPackage="MssqlPersistenceProviderPackage"
	revision="3" schemaVersion="1000">
	<Users>
		<User aspect.isEditableExtensionObject="false" description=""
			documentationContent="" enabled="true" homeMashup=""
			lastModifiedDate="2018-03-27T08:10:22.153+02:00" locked="false"
			lockedTime="2017-03-27T08:10:22.137+02:00" mobileMashup=""
			name="KBMesKitHelperUser" passwordHash="" passwordHashAlgorithm=""
			passwordHashIterationCount="0" passwordHashSaltSizeInBytes="0"
			passwordHashSizeInBytes="0" projectName="KBBasics"
			scimExternalId="" scimId=""
			tags="KBThingWorxInstallationVocabulary:00_Basics">
			<Owner name="adm-flassakm" type="User" />
			<avatar />
			<DesignTimePermissions>
				<Create />
				<Read />
				<Update />
				<Delete />
				<Metadata />
			</DesignTimePermissions>
			<RunTimePermissions>
                <Permissions
                 resourceName="*">
                    <PropertyRead>
                        <Principal
                         isPermitted="true"
                         name="KBUserGroup"
                         type="Group"></Principal>
                    </PropertyRead>
                    <PropertyWrite></PropertyWrite>
                    <ServiceInvoke></ServiceInvoke>
                    <EventInvoke></EventInvoke>
                    <EventSubscribe></EventSubscribe>
                </Permissions>
            </RunTimePermissions>
            <VisibilityPermissions>
                <Visibility>
                    <Principal
                     isPermitted="true"
                     name="KBBackGroundWorker"
                     type="Organization"></Principal>
                    <Principal
                     isPermitted="true"
                     name="KBOrganization"
                     type="Organization"></Principal>
                </Visibility>
            </VisibilityPermissions>
			<ConfigurationTables>
				<ConfigurationTable description="Settings"
					isMultiRow="false" name="Settings" ordinal="2">
					<DataShape>
						<FieldDefinitions>
							<FieldDefinition aspect.defaultValue=""
								aspect.isPrimaryKey="true" baseType="STRING"
								description="Primary language" name="language" ordinal="0" />
						</FieldDefinitions>
					</DataShape>
					<Rows>
						<Row>
							<language />
						</Row>
					</Rows>
				</ConfigurationTable>
				<ConfigurationTable description="UserExtensions"
					isMultiRow="true" name="UserExtensions" ordinal="1">
					<DataShape>
						<FieldDefinitions>
							<FieldDefinition baseType="DATETIME"
								description="Last update time" name="lastUpdateTime" ordinal="3" />
							<FieldDefinition aspect.isPrimaryKey="true"
								baseType="STRING" description="Name" name="name" ordinal="1" />
							<FieldDefinition baseType="STRING"
								description="Value" name="value" ordinal="2" />
						</FieldDefinitions>
					</DataShape>
					<Rows>
					</Rows>
				</ConfigurationTable>
			</ConfigurationTables>
			<PersistentValues />
		</User>
	</Users>
</Entities>