<?xml version="1.0" encoding="UTF-8" standalone="no"?>
<Entities build="b2151" majorVersion="8" minorVersion="4"
	modelPersistenceProviderPackage="MssqlPersistenceProviderPackage"
	revision="2" schemaVersion="1040" universal="">
	<Users>
		<User description="" documentationContent="" enabled="true"
			homeMashup="" lastModifiedDate="2019-11-21T09:34:30.129+01:00"
			locked="false" lockedTime="2018-11-21T09:34:29.613+01:00"
			mobileMashup="" name="KBTestBenchFileRepositoryUser"
			passwordHash="100000:bff9c5326c477d0c5364b0629444de291506e5c368fd4a666c96c239bcd538ee694fa9ae9b16c88162a409d990bef384da196af0b5d1c962ca081da1942caf2b:d601bc74cc927831c4eec2b6a6ff1f2a7ac3cb592375adfce98fce9293a7b50abff950ed8be0381ce91757eebbd3285597563154787a72a04a6cdf36996e6af6"
			passwordHashAlgorithm="PBKDF2WithHmacSHA512"
			passwordHashIterationCount="100000" passwordHashSaltSizeInBytes="64"
			passwordHashSizeInBytes="64" projectName="KBBasics" scimExternalId=""
			scimId="" tags="">
			<Owner name="adm-flassakm" type="User" />
			<avatar />
			<DesignTimePermissions>
				<Create />
				<Read />
				<Update />
				<Delete />
				<Metadata />
			</DesignTimePermissions>
			<RunTimePermissions />
			<VisibilityPermissions>
				<Visibility />
			</VisibilityPermissions>
			<ConfigurationTableDefinitions />
			<ConfigurationTables>
				<ConfigurationTable description="UserExtensions"
					isMultiRow="true" name="UserExtensions" ordinal="1">
					<DataShape>
						<FieldDefinitions>
							<FieldDefinition baseType="DATETIME"
								description="Last update time" name="lastUpdateTime" ordinal="3" />
							<FieldDefinition aspect.isPrimaryKey="true"
								baseType="STRING" description="Name" name="name" ordinal="1" />
							<FieldDefinition baseType="STRING"
								description="Value" name="value" ordinal="2" />
						</FieldDefinitions>
					</DataShape>
					<Rows>
					</Rows>
				</ConfigurationTable>
				<ConfigurationTable description="Settings"
					isMultiRow="false" name="Settings" ordinal="2">
					<DataShape>
						<FieldDefinitions>
							<FieldDefinition aspect.defaultValue=""
								aspect.isPrimaryKey="true" baseType="STRING"
								description="Primary language" name="language" ordinal="0" />
						</FieldDefinitions>
					</DataShape>
					<Rows>
						<Row>
							<language />
						</Row>
					</Rows>
				</ConfigurationTable>
			</ConfigurationTables>
			<PersistentValues />
		</User>
	</Users>
</Entities>