<?xml version="1.0" encoding="UTF-8" standalone="no"?>
<Entities build="b52" majorVersion="8" minorVersion="0"
	modelPersistenceProviderPackage="MssqlPersistenceProviderPackage"
	revision="3" schemaVersion="1000">
	<Users>
		<User description="" documentationContent="" enabled="true"
			homeMashup="" lastModifiedDate="2017-11-29T08:44:18.452+01:00"
			locked="false" lockedTime="2016-11-29T08:44:17.968+01:00"
			mobileMashup="" name="FederationSubsystemUser"
			passwordHash="100000:c9b04eb824b8338cfdc7f0f88ec442b0e5bd7ad4113e9faff02796e0aa7dbbcccc207b2bf493c6d2bccdd8ce783aa07eae0b6d3701dc5931f2ce50a745255429:ba81aef38c521bccd655959aeb846117fa58a9c3b23dd88e2592875ad2456b8a8e9608abc97d6cb17429b5783b01698e5421e8538150dc6ee6c5ed80e373f45d"
			passwordHashAlgorithm="PBKDF2WithHmacSHA512"
			passwordHashIterationCount="100000" passwordHashSaltSizeInBytes="64"
			passwordHashSizeInBytes="64" projectName="KBsmartKPI"
			scimExternalId="" scimId=""
			tags="KBThingWorxInstallationVocabulary:00_Basics">
			<Owner name="adm-flassakm" type="User" />
			<avatar />
			<DesignTimePermissions>
				<Create />
				<Read />
				<Update />
				<Delete />
				<Metadata />
			</DesignTimePermissions>
			<RunTimePermissions />
			<VisibilityPermissions>
				<Visibility />
			</VisibilityPermissions>
			<ConfigurationTables>
				<ConfigurationTable description="Settings"
					isMultiRow="false" name="Settings" ordinal="2">
					<DataShape>
						<FieldDefinitions>
							<FieldDefinition aspect.defaultValue=""
								aspect.isPrimaryKey="true" baseType="STRING"
								description="Primary language" name="language" ordinal="0" />
						</FieldDefinitions>
					</DataShape>
					<Rows>
						<Row>
							<language />
						</Row>
					</Rows>
				</ConfigurationTable>
				<ConfigurationTable description="UserExtensions"
					isMultiRow="true" name="UserExtensions" ordinal="1">
					<DataShape>
						<FieldDefinitions>
							<FieldDefinition baseType="DATETIME"
								description="Last update time" name="lastUpdateTime" ordinal="3" />
							<FieldDefinition aspect.isPrimaryKey="true"
								baseType="STRING" description="Name" name="name" ordinal="1" />
							<FieldDefinition baseType="STRING"
								description="Value" name="value" ordinal="2" />
						</FieldDefinitions>
					</DataShape>
					<Rows>
						<Row>
							<name><![CDATA[altEmailAddresses]]></name>
							<value />
							<lastUpdateTime>1970-01-01T01:00:00.000+01:00</lastUpdateTime>
						</Row>
						<Row>
							<name><![CDATA[lastName]]></name>
							<value />
							<lastUpdateTime>1970-01-01T01:00:00.000+01:00</lastUpdateTime>
						</Row>
						<Row>
							<name><![CDATA[zipCode]]></name>
							<value />
							<lastUpdateTime>1970-01-01T01:00:00.000+01:00</lastUpdateTime>
						</Row>
						<Row>
							<name><![CDATA[smsAddress]]></name>
							<value />
							<lastUpdateTime>1970-01-01T01:00:00.000+01:00</lastUpdateTime>
						</Row>
						<Row>
							<name><![CDATA[city]]></name>
							<value />
							<lastUpdateTime>1970-01-01T01:00:00.000+01:00</lastUpdateTime>
						</Row>
						<Row>
							<name><![CDATA[homePhone]]></name>
							<value />
							<lastUpdateTime>1970-01-01T01:00:00.000+01:00</lastUpdateTime>
						</Row>
						<Row>
							<name><![CDATA[fullName]]></name>
							<value />
							<lastUpdateTime>1970-01-01T01:00:00.000+01:00</lastUpdateTime>
						</Row>
						<Row>
							<name><![CDATA[title]]></name>
							<value />
							<lastUpdateTime>1970-01-01T01:00:00.000+01:00</lastUpdateTime>
						</Row>
						<Row>
							<name><![CDATA[firstName]]></name>
							<value />
							<lastUpdateTime>1970-01-01T01:00:00.000+01:00</lastUpdateTime>
						</Row>
						<Row>
							<name><![CDATA[emailAddress]]></name>
							<value />
							<lastUpdateTime>1970-01-01T01:00:00.000+01:00</lastUpdateTime>
						</Row>
						<Row>
							<name><![CDATA[mobilePhone]]></name>
							<value />
							<lastUpdateTime>1970-01-01T01:00:00.000+01:00</lastUpdateTime>
						</Row>
						<Row>
							<name><![CDATA[mailingAddress]]></name>
							<value />
							<lastUpdateTime>1970-01-01T01:00:00.000+01:00</lastUpdateTime>
						</Row>
						<Row>
							<name><![CDATA[middleName]]></name>
							<value />
							<lastUpdateTime>1970-01-01T01:00:00.000+01:00</lastUpdateTime>
						</Row>
						<Row>
							<name><![CDATA[workPhone]]></name>
							<value />
							<lastUpdateTime>1970-01-01T01:00:00.000+01:00</lastUpdateTime>
						</Row>
						<Row>
							<name><![CDATA[state]]></name>
							<value />
							<lastUpdateTime>1970-01-01T01:00:00.000+01:00</lastUpdateTime>
						</Row>
					</Rows>
				</ConfigurationTable>
			</ConfigurationTables>
			<PersistentValues />
			<ConfigurationChanges>
				<ConfigurationChange changeAction="CREATE"
					changeReason="header : name : updated, plainTextPassword : updated&#10;"
					timestamp="2017-11-29T08:44:18.452+01:00" user="adm-flassakm" />
			</ConfigurationChanges>
		</User>
	</Users>
</Entities>