<?xml version="1.0" encoding="UTF-8" standalone="no"?>
<Entities build="b167" majorVersion="8" minorVersion="2"
	modelPersistenceProviderPackage="MssqlPersistenceProviderPackage"
	revision="2" schemaVersion="1020" universal="">
	<Users>
		<User description="" documentationContent="" enabled="true"
			homeMashup="" lastModifiedDate="2018-04-05T15:44:24.171+02:00"
			locked="false" lockedTime="2017-04-05T15:44:23.749+02:00"
			mobileMashup="" name="KBSAPServiceUser"
			passwordHash="100000:ebec65c109a612f182611a05ee1cb4717404e5debb20474694d4796a9a82e2f912e0bae1370dfe23195f82fe0092bc82052f4abb2d99bc5cd8ce0aa4094e6874:ded0ea5d80a0f3792d89184b02fcc677623b019a70067109b25ca75ba43540edf6271cc96095ddc4b33095535884c51a934485f5f301f5b1574d106091593c0d"
			passwordHashAlgorithm="PBKDF2WithHmacSHA512"
			passwordHashIterationCount="100000" passwordHashSaltSizeInBytes="64"
			passwordHashSizeInBytes="64" projectName="KBBasics"
			scimExternalId="" scimId=""
			tags="KBThingWorxInstallationVocabulary:ExtensionSAPConnector">
			<Owner name="adm-flassakm" type="User" />
			<avatar />
			<DesignTimePermissions>
				<Create />
				<Read />
				<Update />
				<Delete />
				<Metadata />
			</DesignTimePermissions>
			<RunTimePermissions />
			<VisibilityPermissions>
				<Visibility />
			</VisibilityPermissions>
			<ConfigurationTables>
				<ConfigurationTable description="Settings"
					isMultiRow="false" name="Settings" ordinal="2">
					<DataShape>
						<FieldDefinitions>
							<FieldDefinition aspect.defaultValue=""
								aspect.isPrimaryKey="true" baseType="STRING"
								description="Primary language" name="language" ordinal="0" />
						</FieldDefinitions>
					</DataShape>
					<Rows>
						<Row>
							<language />
						</Row>
					</Rows>
				</ConfigurationTable>
				<ConfigurationTable description="UserExtensions"
					isMultiRow="true" name="UserExtensions" ordinal="1">
					<DataShape>
						<FieldDefinitions>
							<FieldDefinition baseType="DATETIME"
								description="Last update time" name="lastUpdateTime" ordinal="3" />
							<FieldDefinition aspect.isPrimaryKey="true"
								baseType="STRING" description="Name" name="name" ordinal="1" />
							<FieldDefinition baseType="STRING"
								description="Value" name="value" ordinal="2" />
						</FieldDefinitions>
					</DataShape>
					<Rows>
					</Rows>
				</ConfigurationTable>
			</ConfigurationTables>
			<PersistentValues />
		</User>
	</Users>
</Entities>