<?xml version="1.0" encoding="UTF-8" standalone="no"?>
<Entities build="b167" majorVersion="8" minorVersion="2"
	modelPersistenceProviderPackage="MssqlPersistenceProviderPackage"
	revision="2" schemaVersion="1020" universal="">
	<Users>
		<User description="" documentationContent="" enabled="true"
			homeMashup="" lastModifiedDate="2019-03-19T08:55:05.683+01:00"
			locked="false" lockedTime="2018-03-19T08:55:05.277+01:00"
			mobileMashup="" name="KBDBServiceUser"
			passwordHash="100000:9017f5bc4729c34d054d9a348a7672157d296c0c2e359750f2beba75a6e56bbba6895fe78fa269dc7e5dc6c25162499c8358f9200dd3901cb1116b23c9537f24:e2ebe94f0ca6c5c55e5365df75b88de837852588c26b679c4e263e3b7476934bdb2f9672a9401e692feea88cc85bf3b604110fae9c26c2ed9be020994c6669e0"
			passwordHashAlgorithm="PBKDF2WithHmacSHA512"
			passwordHashIterationCount="100000" passwordHashSaltSizeInBytes="64"
			passwordHashSizeInBytes="64" projectName="KBBasics" scimExternalId=""
			scimId="" tags="">
			<Owner name="adm-flassakm" type="User" />
			<avatar />
			<DesignTimePermissions>
				<Create />
				<Read />
				<Update />
				<Delete />
				<Metadata />
			</DesignTimePermissions>
			<RunTimePermissions />
			<VisibilityPermissions>
				<Visibility />
			</VisibilityPermissions>
			<ConfigurationTables>
				<ConfigurationTable description="Settings"
					isMultiRow="false" name="Settings" ordinal="2">
					<DataShape>
						<FieldDefinitions>
							<FieldDefinition aspect.defaultValue=""
								aspect.isPrimaryKey="true" baseType="STRING"
								description="Primary language" name="language" ordinal="0" />
						</FieldDefinitions>
					</DataShape>
					<Rows>
						<Row>
							<language />
						</Row>
					</Rows>
				</ConfigurationTable>
				<ConfigurationTable description="UserExtensions"
					isMultiRow="true" name="UserExtensions" ordinal="1">
					<DataShape>
						<FieldDefinitions>
							<FieldDefinition baseType="DATETIME"
								description="Last update time" name="lastUpdateTime" ordinal="3" />
							<FieldDefinition aspect.isPrimaryKey="true"
								baseType="STRING" description="Name" name="name" ordinal="1" />
							<FieldDefinition baseType="STRING"
								description="Value" name="value" ordinal="2" />
						</FieldDefinitions>
					</DataShape>
					<Rows>
					</Rows>
				</ConfigurationTable>
			</ConfigurationTables>
			<PersistentValues />
		</User>
	</Users>
</Entities>