<?xml version="1.0" encoding="UTF-8" standalone="no"?>
<Entities>
	<ModelTags>
		<ModelTagVocabulary
			description="Vocabulary to find Entities in Integrity"
			documentationContent="" homeMashup="" isDynamic="false"
			lastModifiedDate="2017-10-19T14:20:36.478+02:00"
			name="KBThingWorxUserHandling" projectName="KBBasics"
			tags="KBThingWorxInstallationVocabulary:00_Basics">
			<Owner name="adm-flassakm" type="User" />
			<avatar />
			<DesignTimePermissions>
				<Create />
				<Read />
				<Update />
				<Delete />
				<Metadata />
			</DesignTimePermissions>
			<RunTimePermissions />
			<VisibilityPermissions>
				<Visibility />
			</VisibilityPermissions>
			<ConfigurationTables />
			<VocabularyTerm description="Assignable General User Group" name="AssignableGeneralUserGroup" />
			<VocabularyTerm description="Assignable User Admin Groups" name="AssignableAdminUserGroup" />
			<VocabularyTerm description="Assignable Administrator User Groups" name="AssignableAdministratorGroup" />
		</ModelTagVocabulary>
	</ModelTags>
</Entities>
