<?xml version="1.0" encoding="UTF-8" standalone="no"?>
<Entities>
	<ModelTags>
		<ModelTagVocabulary
			description="Vocabulary to find Entities in Integrity"
			documentationContent="" homeMashup="" isDynamic="false"
			lastModifiedDate="2017-10-19T14:20:36.478+02:00"
			name="KBThingWorxInstallationVocabulary" projectName="KBBasics"
			tags="KBThingWorxInstallationVocabulary:00_Basics">
			<Owner name="adm-flassakm" type="User" />
			<avatar />
			<DesignTimePermissions>
				<Create />
				<Read />
				<Update />
				<Delete />
				<Metadata />
			</DesignTimePermissions>
			<RunTimePermissions />
			<VisibilityPermissions>
				<Visibility />
			</VisibilityPermissions>
			<ConfigurationTables />
			<VocabularyTerm description="" name="00_Basics" />
			<VocabularyTerm description=""
				name="01_smartKPI_Truck" />
			<VocabularyTerm description=""
				name="ExtensionSAPConnector" />
			<VocabularyTerm description=""
				name="ExtensionNDNCConnector" />
			<VocabularyTerm description=""
				name="ExtensionKBAConnector" />
			<VocabularyTerm description=""
				name="ExtensionMLKConnector" />
			<VocabularyTerm description=""
				name="ExtensionPNAConnector" />
			<VocabularyTerm description=""
				name="ExtensionSmartKPI" />
			<VocabularyTerm description=""
				name="ExtensionSmartKPIOperatorScreen" />
			<VocabularyTerm description=""
				name="ExtensionSmartKPIConfiguration" />
			<VocabularyTerm description=""
				name="ExtensionLocalSmartKPIConfiguration" />
			<VocabularyTerm description="" name="GlobalSmartKPI" />
			<VocabularyTerm description="" name="LocalSmartKPI" />
			<VocabularyTerm description="" name="KB-CVS-LIS" />
			<VocabularyTerm description="" name="Manual_Handling" />
			<VocabularyTerm description="" name="Showcase_MESKit" />
			<ConfigurationChanges>
				<ConfigurationChange changeAction="CREATE"
					changeReason="header : name : updated&#10;documentation : updated&#10;"
					timestamp="2017-09-18T11:35:36.994+02:00" user="adm-flassakm" />
			</ConfigurationChanges>
		</ModelTagVocabulary>
	</ModelTags>
</Entities>
