<?xml version="1.0" encoding="UTF-8" standalone="no"?>
<Entities build="b97" majorVersion="8" minorVersion="4"
	modelPersistenceProviderPackage="MssqlPersistenceProviderPackage"
	revision="11" schemaVersion="1044" universal="">
	<ModelTags>
		<ModelTagVocabulary description=""
			documentationContent="" homeMashup="" isDynamic="true"
			lastModifiedDate="2020-10-22T16:42:25.629+02:00" name="KBServer"
			projectName="KBBasics" tags="">
			<Owner name="adm-flassakm" type="User" />
			<avatar />
			<DesignTimePermissions>
				<Create />
				<Read />
				<Update />
				<Delete />
				<Metadata />
			</DesignTimePermissions>
			<RunTimePermissions />
			<VisibilityPermissions>
				<Visibility />
			</VisibilityPermissions>
			<ConfigurationTableDefinitions />
			<ConfigurationTables />
			<ConfigurationChanges>
				<ConfigurationChange changeAction="CREATE"
					changeReason="header : name : updated, projectName : updated, isDynamic : updated&#10;"
					timestamp="2020-10-22T16:42:25.624+02:00" user="adm-flassakm" />
			</ConfigurationChanges>
		</ModelTagVocabulary>
	</ModelTags>
</Entities>