<?xml version="1.0" encoding="UTF-8" standalone="no"?>
<Entities>
	<Projects>
		<Project dependsOn="" description="" documentationContent=""
			homeMashup="" lastModifiedDate="2017-10-11T17:33:09.828+02:00"
			name="KBsmartKPI" packageVersion="1.0.0" projectName="KBBasics"
			tags="KBThingWorxInstallationVocabulary:00_Basics">
			<Owner name="adm-flassakm" type="User" />
			<avatar />
			<DesignTimePermissions>
				<Create />
				<Read />
				<Update />
				<Delete />
				<Metadata />
			</DesignTimePermissions>
			<RunTimePermissions />
			<VisibilityPermissions>
				<Visibility>
					<Principal isPermitted="true" name="KBOrganization"
						type="Organization" />
				</Visibility>
			</VisibilityPermissions>
			<ConfigurationTables />
			<ConfigurationChanges>
				<ConfigurationChange changeAction="CREATE"
					changeReason="header : name : updated, tags : updated&#10;"
					timestamp="2017-09-20T13:40:41.535+02:00" user="adm-flassakm" />
				<ConfigurationChange changeAction="CREATE"
					changeReason="" timestamp="2017-09-25T15:56:41.896+02:00"
					user="Administrator" />
				<ConfigurationChange changeAction="MODIFY"
					changeReason="" timestamp="2017-10-11T17:33:09.828+02:00"
					user="adm-flassakm" />
			</ConfigurationChanges>
		</Project>
	</Projects>
</Entities>
