<?xml version="1.0" encoding="UTF-8"?>
<Entities
 majorVersion="9"
 minorVersion="3"
 universal="password">
    <Things>
        <Thing
         description=""
         documentationContent=""
         effectiveThingPackage="ConfiguredThing"
         enabled="true"
         homeMashup=""
         identifier=""
         inheritedValueStream=""
         name="KBSSOMigrationHelperThing"
         projectName="KBSSOMigration"
         published="false"
         tags=""
         thingTemplate="GenericThing"
         valueStream="">
            <avatar></avatar>
            <DesignTimePermissions>
                <Create></Create>
                <Read></Read>
                <Update></Update>
                <Delete></Delete>
                <Metadata></Metadata>
            </DesignTimePermissions>
            <RunTimePermissions></RunTimePermissions>
            <VisibilityPermissions>
                <Visibility></Visibility>
            </VisibilityPermissions>
            <ConfigurationTableDefinitions></ConfigurationTableDefinitions>
            <ConfigurationTables></ConfigurationTables>
            <ThingShape>
                <PropertyDefinitions></PropertyDefinitions>
                <ServiceDefinitions>
                    <ServiceDefinition
                     aspect.isAsync="false"
                     category=""
                     description=""
                     isAllowOverride="false"
                     isLocalOnly="false"
                     isOpen="false"
                     isPrivate="false"
                     name="CheckAndDeleteUserFromGroups">
                        <ResultType
                         baseType="INFOTABLE"
                         description=""
                         name="result"
                         ordinal="0"></ResultType>
                        <ParameterDefinitions>
                            <FieldDefinition
                             baseType="STRING"
                             description=""
                             name="NewUserName"
                             ordinal="2"></FieldDefinition>
                            <FieldDefinition
                             baseType="STRING"
                             description=""
                             name="OldUserName"
                             ordinal="1"></FieldDefinition>
                        </ParameterDefinitions>
                    </ServiceDefinition>
                    <ServiceDefinition
                     aspect.isAsync="false"
                     category=""
                     description=""
                     isAllowOverride="false"
                     isLocalOnly="false"
                     isOpen="false"
                     isPrivate="false"
                     name="CleanWrongUsersFromGroup">
                        <ResultType
                         aspect.dataShape="RootEntityList"
                         baseType="INFOTABLE"
                         description=""
                         name="result"
                         ordinal="0"></ResultType>
                        <ParameterDefinitions></ParameterDefinitions>
                    </ServiceDefinition>
                    <ServiceDefinition
                     aspect.isAsync="false"
                     category=""
                     description=""
                     isAllowOverride="false"
                     isLocalOnly="false"
                     isOpen="false"
                     isPrivate="false"
                     name="CreateAllNewUsersWithEmail">
                        <ResultType
                         aspect.dataShape="RootEntityList"
                         baseType="NOTHING"
                         description=""
                         name="result"
                         ordinal="0"></ResultType>
                        <ParameterDefinitions></ParameterDefinitions>
                    </ServiceDefinition>
                    <ServiceDefinition
                     aspect.isAsync="false"
                     category=""
                     description=""
                     isAllowOverride="false"
                     isLocalOnly="false"
                     isOpen="false"
                     isPrivate="false"
                     name="DisableLDAPUpdateScheduler">
                        <ResultType
                         aspect.dataShape="RootEntityList"
                         baseType="NOTHING"
                         description=""
                         name="result"
                         ordinal="0"></ResultType>
                        <ParameterDefinitions></ParameterDefinitions>
                    </ServiceDefinition>
                    <ServiceDefinition
                     aspect.isAsync="false"
                     category=""
                     description=""
                     isAllowOverride="false"
                     isLocalOnly="false"
                     isOpen="false"
                     isPrivate="false"
                     name="GetAndSetUser">
                        <ResultType
                         baseType="NOTHING"
                         description=""
                         name="result"
                         ordinal="0"></ResultType>
                        <ParameterDefinitions>
                            <FieldDefinition
                             baseType="STRING"
                             description=""
                             name="NewUserName"
                             ordinal="2"></FieldDefinition>
                            <FieldDefinition
                             baseType="STRING"
                             description=""
                             name="OldUserName"
                             ordinal="1"></FieldDefinition>
                        </ParameterDefinitions>
                    </ServiceDefinition>
                    <ServiceDefinition
                     aspect.isAsync="false"
                     category=""
                     description=""
                     isAllowOverride="false"
                     isLocalOnly="false"
                     isOpen="false"
                     isPrivate="false"
                     name="GetListOfUsersWithEmails">
                        <ResultType
                         aspect.dataShape="RootEntityList"
                         baseType="INFOTABLE"
                         description=""
                         name="result"
                         ordinal="0"></ResultType>
                        <ParameterDefinitions></ParameterDefinitions>
                    </ServiceDefinition>
                    <ServiceDefinition
                     aspect.isAsync="false"
                     category=""
                     description=""
                     isAllowOverride="false"
                     isLocalOnly="false"
                     isOpen="false"
                     isPrivate="false"
                     name="GetListOfUsersWithoutEmails">
                        <ResultType
                         aspect.dataShape="RootEntityList"
                         baseType="INFOTABLE"
                         description=""
                         name="result"
                         ordinal="0"></ResultType>
                        <ParameterDefinitions></ParameterDefinitions>
                    </ServiceDefinition>
                </ServiceDefinitions>
                <EventDefinitions></EventDefinitions>
                <ServiceMappings></ServiceMappings>
                <ServiceImplementations>
                    <ServiceImplementation
                     description=""
                     handlerName="Script"
                     name="CheckAndDeleteUserFromGroups">
                        <ConfigurationTables>
                            <ConfigurationTable
                             dataShapeName=""
                             description=""
                             isMultiRow="false"
                             name="Script"
                             ordinal="0">
                                <DataShape>
                                    <FieldDefinitions>
                                        <FieldDefinition
                                         baseType="STRING"
                                         description="code"
                                         name="code"
                                         ordinal="0"></FieldDefinition>
                                    </FieldDefinitions>
                                </DataShape>
                                <Rows>
                                    <Row>
                                        <code>
                                        <![CDATA[
                                        var result;
                                         try {
                                         	if (OldUserName != '' && OldUserName != undefined) {
                                         		if (Users[OldUserName].IsEnabled() == true) {
                                         			if (NewUserName != '' && NewUserName != undefined && NewUserName.includes('@')) {
                                         				var OldUserExists = true;
                                         				var NewUserExists = true;
                                         				try {
                                         					if (Users[NewUserName].name != undefined && Users[NewUserName].name != '') {}
                                         				} catch (err) {
                                         					NewUserExists = false;
                                         				}
                                         				try {
                                         					if (Users[OldUserName].name != undefined && Users[OldUserName].name != '') {}
                                         				} catch (err) {
                                         					OldUserExists = false;
                                         				}
                                         				var UsedUserGroups3 = Resources["InfoTableFunctions"].CreateInfoTableFromDataShape({
                                         					infoTableName: "InfoTable",
                                         					dataShapeName: "GroupMember"
                                         				});
                                        
                                         				if (OldUserExists && NewUserExists) {
                                         					logger.debug(me.name + " STD Start");
                                         					//
                                         					var UsedUserGroups2 = Users[OldUserName].GetGroups();
                                         					var UserIsRight = false;
                                        
                                         					//logger.error(me.name + " UsedUserGroups2.rows.length " + UsedUserGroups2.rows.length);
                                         					for (var j = 0; j < UsedUserGroups2.rows.length; j++) {
                                         						var Members = Groups[UsedUserGroups2.rows[j].name].GetGroupMembers();
                                         						//result=Members;
                                         						// logger.error(me.name + " Members.rows.length " + Members.rows.length);
                                         						var isNewUserInGroup = false;
                                         						var isOldUserInGroup = false;
                                         						for (var m = 0; m < Members.rows.length; m++) {
                                         							if (Members.rows[m].type == 'User' && Members.rows[m].name == NewUserName) {
                                         								isNewUserInGroup = true;
                                         							}
                                         							if (Members.rows[m].type == 'User' && Members.rows[m].name == OldUserName) {
                                         								isOldUserInGroup = true;
                                         							}
                                         						}
                                         						if (isNewUserInGroup && isOldUserInGroup == false) {
                                         							// UsedUserGroups3.AddRow(UsedUserGroups2.rows[j]);
                                         							Groups[UsedUserGroups2.rows[j].name].DeleteMember({
                                         								member: NewUserName,
                                         								type: "User"
                                         							});
                                         						}
                                         					}
                                         				}
                                         				logger.debug(me.name + " STD End");
                                         				result = UsedUserGroups3;
                                         			}
                                        
                                         		}
                                         	}
                                        
                                         } catch (err) {
                                         	logger.error(me.name + " Error on service CheckAndDeleteUserFromGroups: " + err + " at:" + err.lineNumber);
                                         }
                                        ]]>
                                        </code>
                                    </Row>
                                </Rows>
                            </ConfigurationTable>
                        </ConfigurationTables>
                    </ServiceImplementation>
                    <ServiceImplementation
                     description=""
                     handlerName="Script"
                     name="CleanWrongUsersFromGroup">
                        <ConfigurationTables>
                            <ConfigurationTable
                             dataShapeName=""
                             description=""
                             isMultiRow="false"
                             name="Script"
                             ordinal="0">
                                <DataShape>
                                    <FieldDefinitions>
                                        <FieldDefinition
                                         baseType="STRING"
                                         description="code"
                                         name="code"
                                         ordinal="0"></FieldDefinition>
                                    </FieldDefinitions>
                                </DataShape>
                                <Rows>
                                    <Row>
                                        <code>
                                        <![CDATA[
                                        try {
                                        	var ListofUserswithEmail = me.GetListOfUsersWithEmails();
                                        	
                                        	for (var i = 0; i < ListofUserswithEmail.rows.length; i++) {
                                        		me.CheckAndDeleteUserFromGroups({
                                        			OldUserName: ListofUserswithEmail[i].name /* STRING */ ,
                                        			NewUserName: ListofUserswithEmail[i].description /* STRING */
                                        		});
                                        	}
                                        
                                        } catch (err) {
                                        	logger.error(me.name + " Error on service CreateAllNewUsersWithEmail: " + err + " at:" + err.lineNumber);
                                        }
                                        ]]>
                                        </code>
                                    </Row>
                                </Rows>
                            </ConfigurationTable>
                        </ConfigurationTables>
                    </ServiceImplementation>
                    <ServiceImplementation
                     description=""
                     handlerName="Script"
                     name="CreateAllNewUsersWithEmail">
                        <ConfigurationTables>
                            <ConfigurationTable
                             dataShapeName=""
                             description=""
                             isMultiRow="false"
                             name="Script"
                             ordinal="0">
                                <DataShape>
                                    <FieldDefinitions>
                                        <FieldDefinition
                                         baseType="STRING"
                                         description="code"
                                         name="code"
                                         ordinal="0"></FieldDefinition>
                                    </FieldDefinitions>
                                </DataShape>
                                <Rows>
                                    <Row>
                                        <code>
                                        <![CDATA[
                                        try {
                                        	var ListofUserswithEmail = me.GetListOfUsersWithEmails();
                                        	
                                        	for (var i = 0; i < ListofUserswithEmail.rows.length; i++) {
                                        		me.GetAndSetUserOLD({
                                        			OldUserName: ListofUserswithEmail[i].name /* STRING */ ,
                                        			NewUserName: ListofUserswithEmail[i].description /* STRING */
                                        		});
                                        	}
                                        
                                        } catch (err) {
                                        	logger.error(me.name + " Error on service CreateAllNewUsersWithEmail: " + err + " at:" + err.lineNumber);
                                        }
                                        ]]>
                                        </code>
                                    </Row>
                                </Rows>
                            </ConfigurationTable>
                        </ConfigurationTables>
                    </ServiceImplementation>
                    <ServiceImplementation
                     description=""
                     handlerName="Script"
                     name="DisableLDAPUpdateScheduler">
                        <ConfigurationTables>
                            <ConfigurationTable
                             dataShapeName=""
                             description=""
                             isMultiRow="false"
                             name="Script"
                             ordinal="0">
                                <DataShape>
                                    <FieldDefinitions>
                                        <FieldDefinition
                                         baseType="STRING"
                                         description="code"
                                         name="code"
                                         ordinal="0"></FieldDefinition>
                                    </FieldDefinitions>
                                </DataShape>
                                <Rows>
                                    <Row>
                                        <code>
                                        <![CDATA[
                                        try {
                                        	Things["KBLdapUpdateScheduler"].DisableScheduler();
                                        } catch (err) {
                                        	logger.error(me.name + " Error on service DisableLDAPUpdateScheduler: " + err + " at:" + err.lineNumber);
                                        }
                                        ]]>
                                        </code>
                                    </Row>
                                </Rows>
                            </ConfigurationTable>
                        </ConfigurationTables>
                    </ServiceImplementation>
                    <ServiceImplementation
                     description=""
                     handlerName="Script"
                     name="GetAndSetUser">
                        <ConfigurationTables>
                            <ConfigurationTable
                             dataShapeName=""
                             description=""
                             isMultiRow="false"
                             name="Script"
                             ordinal="0">
                                <DataShape>
                                    <FieldDefinitions>
                                        <FieldDefinition
                                         baseType="STRING"
                                         description="code"
                                         name="code"
                                         ordinal="0"></FieldDefinition>
                                    </FieldDefinitions>
                                </DataShape>
                                <Rows>
                                    <Row>
                                        <code>
                                        <![CDATA[
                                        var result;
                                         try {
                                         	if (OldUserName != '' && OldUserName != undefined) {
                                         		if (Users[OldUserName].IsEnabled() == true) {
                                         			if (NewUserName != '' && NewUserName != undefined && NewUserName.includes('@')) {
                                         				var OldUserExists = true;
                                         				var NewUserExists = true;
                                         				try {
                                         					if (Users[NewUserName].name != undefined && Users[NewUserName].name != '') {}
                                         				} catch (err) {
                                         					NewUserExists = false;
                                         				}
                                         				try {
                                         					if (Users[OldUserName].name != undefined && Users[OldUserName].name != '') {}
                                         				} catch (err) {
                                         					OldUserExists = false;
                                         				}
                                         				if (OldUserExists && !NewUserExists) {
                                         					Resources["EntityServices"].CreateUser({
                                         						password: 'DefaultPasswordXX@kjbbkbiX123456789' /* STRING */ ,
                                         						name: NewUserName /* STRING */ ,
                                         						description: 'Old name: ' + OldUserName /* STRING */ ,
                                         						projectName: 'KBSSOMigration' /* PROJECTNAME */ ,
                                         						tags: undefined /* TAGS */
                                         					});
                                         					NewUserExists = true;
                                         				} else {
                                         					logger.debug(me.name + " Error on service GetAndSetUser, the OldUser: " + OldUserName + " doesn't exists or NewUserName:  " + NewUserName + " already exists");
                                         				}
                                        
                                         				if (OldUserExists && NewUserExists) {
                                         					if (Resources["PTC.Factory.CommonUtilities"].DoesThingExists({
                                         							thingName: 'CAL.DWI.UserManagement.Helper'
                                         						})) {
                                         						logger.debug(me.name + " CAPS Start");
                                         						// result: INFOTABLE dataShape: "CAL.DWI.UserProperties.DS"
                                         						var UserProperties = Things["CAL.DWI.UserManagement.Helper"].GetUserProperties({
                                         							username: OldUserName /* USERNAME */
                                         						});
                                         						UserProperties.RemoveField('description');
                                         						UserProperties.RemoveField('notifyByMobilePhone');
                                         						UserProperties.RemoveField('title');
                                         						UserProperties.RemoveField('altEmailAddresses');
                                         						UserProperties.RemoveField('homePhone');
                                         						UserProperties.RemoveField('notifyByEmail');
                                         						UserProperties.RemoveField('lastConnection');
                                         						UserProperties.RemoveField('tags');
                                         						UserProperties.RemoveField('maillingAddress');
                                         						UserProperties.RemoveField('name');
                                         						UserProperties.RemoveField('middleName');
                                        
                                         						Users[NewUserName].mailingAddress = Users[OldUserName].mailingAddress;
                                         						Users[NewUserName].altEmailAddresses = Users[OldUserName].altEmailAddresses;
                                         						Users[NewUserName].title = Users[OldUserName].title;
                                         						Users[NewUserName].middleName = Users[OldUserName].middleName;
                                         						Users[NewUserName].homePhone = Users[OldUserName].homePhone;
                                        
                                         						// result: INFOTABLE dataShape: "CAL.DWI.UserGroupsMembership.DS"
                                         						var UserGroups = Things["CAL.DWI.UserManagement.Helper"].GetUserGroups({
                                         							user: OldUserName /* USERNAME [Required] */
                                         						});
                                        
                                         						Things["CAL.DWI.UserManagement.Helper"].UpdateUserProperties({
                                         							groupMembership: UserGroups /* INFOTABLE {"dataShape":"CAL.DWI.UserGroupsMembership.DS"} */ ,
                                         							user: NewUserName /* USERNAME [Required] */ ,
                                         							properties: UserProperties /* INFOTABLE {"dataShape":"CAL.DWI.UserProperties.DS"} */
                                         						});
                                         						var UsedUserGroups = Users[OldUserName].GetGroups();
                                         						var setupKBMachineOperatorUserGroupMembership = true;
                                         						for (var i = 0; i < UsedUserGroups.rows.length; i++) {
                                         							if (UsedUserGroups.rows[i].name != 'Users' && UsedUserGroups.rows[i].name != 'ComposerUsers') {
                                         								var params = {
                                         									member: NewUserName /* STRING */ ,
                                         									type: "User" /* STRING */
                                         								};
                                         								Groups[UsedUserGroups.rows[i].name].AddMember(params);
                                         							}
                                         						}
                                         						Users[NewUserName].isLDAPUser = false;
                                        
                                         						logger.debug(me.name + " CAPS Ended");
                                        
                                         					} else {
                                         						logger.debug(me.name + " STD Start");
                                         						Users[NewUserName].firstName = Users[OldUserName].firstName;
                                         						Users[NewUserName].lastName = Users[OldUserName].lastName;
                                         						Users[NewUserName].emailAddress = Users[OldUserName].emailAddress;
                                         						Users[NewUserName].mailingAddress = Users[OldUserName].mailingAddress;
                                         						Users[NewUserName].altEmailAddresses = Users[OldUserName].altEmailAddresses;
                                         						Users[NewUserName].language = Users[OldUserName].language;
                                         						Users[NewUserName].UserTimeZone = Users[OldUserName].UserTimeZone;
                                         						Users[NewUserName].title = Users[OldUserName].title;
                                         						Users[NewUserName].department = Users[OldUserName].department;
                                         						Users[NewUserName].middleName = Users[OldUserName].middleName;
                                         						Users[NewUserName].homePhone = Users[OldUserName].homePhone;
                                         						Users[NewUserName].city = Users[OldUserName].city;
                                         						Users[NewUserName].zipCode = Users[OldUserName].zipCode;
                                         						Users[NewUserName].mobilePhone = Users[OldUserName].mobilePhone;
                                         						Users[NewUserName].workPhone = Users[OldUserName].workPhone;
                                         						Users[NewUserName].state = Users[OldUserName].state;
                                         						Users[NewUserName].department = Users[OldUserName].department;
                                         						Users[NewUserName].smsAddress = Users[OldUserName].smsAddress;
                                         						//Users[NewUserName].homeMashup = 'KB.TileConsole';
                                         						//
                                         						var UsedUserGroups2 = Users[OldUserName].GetGroups();
                                         						var UsedUserGroups3 = Resources["InfoTableFunctions"].CreateInfoTableFromDataShape({
                                         							infoTableName: "InfoTable",
                                         							dataShapeName: "GroupMember"
                                         						});
                                         						// result: INFOTABLE dataShape: "GroupMember"
                                         						for (var k = 0; k < UsedUserGroups2.rows.length; k++) {
                                         							var isInSubGroup = true;
                                         							var GroupGroups = Groups[UsedUserGroups2.rows[k].name].GetGroupMembers();
                                         							for (var m = 0; m < GroupGroups.rows.length; m++) {
                                         								if (GroupGroups.rows[m].type == 'Group') {
                                        // 									logger.debug(me.name + " GroupGroups.rows[m].name: " + GroupGroups.rows[m].name);
                                         									for (var n = 0; n < UsedUserGroups2.rows.length; n++) {
                                        // 										logger.debug(me.name + " , Groups[UsedUserGroups2.rows[n].name]: " + UsedUserGroups2.rows[n].name);
                                         										if (UsedUserGroups2.rows[n].name == GroupGroups.rows[m].name) {
                                         											isInSubGroup = false;
                                         										}
                                         									}
                                         								}
                                         							}
                                         							if (isInSubGroup) {
                                         								UsedUserGroups3.AddRow(UsedUserGroups2.rows[k]);
                                         							}
                                         						}
                                         						var setupKBMachineOperatorUserGroupMembership2 = true;
                                         						for (var j = 0; j < UsedUserGroups3.rows.length; j++) {
                                         							if (UsedUserGroups3.rows[j].name != 'Users' && UsedUserGroups3.rows[j].name != 'ComposerUsers') {
                                         								var params3 = {
                                         									member: NewUserName /* STRING */ ,
                                         									type: "User" /* STRING */
                                         								};
                                         								Groups[UsedUserGroups3.rows[j].name].AddMember(params3);
                                         							}
                                         						}
                                         						logger.debug(me.name + " STD End");
                                         					}
                                         				} else {
                                         					logger.error(me.name + " OldUserExists: " + OldUserExists + " , NewUserExists: " + NewUserExists);
                                         				}
                                         			}
                                         		}
                                         	}
                                         } catch (err) {
                                         	logger.error(me.name + " Error on service GetAndSetUser: " + err + " at:" + err.lineNumber);
                                         }
                                        ]]>
                                        </code>
                                    </Row>
                                </Rows>
                            </ConfigurationTable>
                        </ConfigurationTables>
                    </ServiceImplementation>
                    <ServiceImplementation
                     description=""
                     handlerName="Script"
                     name="GetListOfUsersWithEmails">
                        <ConfigurationTables>
                            <ConfigurationTable
                             dataShapeName=""
                             description=""
                             isMultiRow="false"
                             name="Script"
                             ordinal="0">
                                <DataShape>
                                    <FieldDefinitions>
                                        <FieldDefinition
                                         baseType="STRING"
                                         description="code"
                                         name="code"
                                         ordinal="0"></FieldDefinition>
                                    </FieldDefinitions>
                                </DataShape>
                                <Rows>
                                    <Row>
                                        <code>
                                        <![CDATA[
                                        try {
                                        
                                        	let params = {
                                        		permissionType: "PropertyRead" /* STRING */ ,
                                        		maxItems: undefined /* NUMBER {"defaultValue":500} */ ,
                                        		nameMask: undefined /* STRING */ ,
                                        		permissionTarget: '*' /* STRING */ ,
                                        		type: 'User' /* STRING */ ,
                                        		tags: undefined /* TAGS */
                                        	};
                                        
                                        	// result: INFOTABLE dataShape: RootEntityList
                                        	var AllUsers = Resources["EntityServices"].GetEntityListWithPermissionMask(params);
                                        	var query = {
                                        		"filters": {
                                        			"type": "And",
                                        			"filters": [{
                                        					"type": "NOTLIKE",
                                        					"fieldName": "name",
                                        					"value": "adm*"
                                        				},
                                        				{
                                        					"type": "NOTLIKE",
                                        					"fieldName": "name",
                                        					"value": "azadm*"
                                        				}
                                        			]
                                        		}
                                        	};
                                        
                                        	var params2 = {
                                        		t: AllUsers /* INFOTABLE */ ,
                                        		query: query /* QUERY */
                                        	};
                                        
                                        	// result: INFOTABLE
                                        	 AllUsers = Resources["InfoTableFunctions"].Query(params2);
                                        	for (var i = 0; i < AllUsers.rows.length; i++) {
                                        		if (Users[AllUsers[i].name].emailAddress.includes('@')) {
                                        			AllUsers[i].description = Users[AllUsers[i].name].emailAddress;
                                        		} else {
                                        			AllUsers[i].description = 'REMOVE';
                                        		}
                                        	}
                                            //var result=AllUsers;
                                        	var query2 = {
                                        		"filters": {
                                        			"type": "NE",
                                        			"fieldName": "description",
                                        			"value": "REMOVE"
                                        		}
                                        	};
                                        
                                        	var params3 = {
                                        		t: AllUsers /* INFOTABLE */ ,
                                        		query: query2 /* QUERY */
                                        	};
                                        	var result = Resources["InfoTableFunctions"].Query(params3);
                                        	//var result = AllUsers;
                                        	//var result = Users[NewUserName].GetGroups();
                                        
                                        } catch (err) {
                                        	logger.error(me.name + " Error on service GetListOfUsersWithEmails: " + err + " at:" + err.lineNumber);
                                        }
                                        ]]>
                                        </code>
                                    </Row>
                                </Rows>
                            </ConfigurationTable>
                        </ConfigurationTables>
                    </ServiceImplementation>
                    <ServiceImplementation
                     description=""
                     handlerName="Script"
                     name="GetListOfUsersWithoutEmails">
                        <ConfigurationTables>
                            <ConfigurationTable
                             dataShapeName=""
                             description=""
                             isMultiRow="false"
                             name="Script"
                             ordinal="0">
                                <DataShape>
                                    <FieldDefinitions>
                                        <FieldDefinition
                                         baseType="STRING"
                                         description="code"
                                         name="code"
                                         ordinal="0"></FieldDefinition>
                                    </FieldDefinitions>
                                </DataShape>
                                <Rows>
                                    <Row>
                                        <code>
                                        <![CDATA[
                                        try {
                                        
                                        	let params = {
                                        		permissionType: "PropertyRead" /* STRING */ ,
                                        		maxItems: undefined /* NUMBER {"defaultValue":500} */ ,
                                        		nameMask: undefined /* STRING */ ,
                                        		permissionTarget: '*' /* STRING */ ,
                                        		type: 'User' /* STRING */ ,
                                        		tags: undefined /* TAGS */
                                        	};
                                        
                                        	// result: INFOTABLE dataShape: RootEntityList
                                        	var AllUsers = Resources["EntityServices"].GetEntityListWithPermissionMask(params);
                                        	var query = {
                                        		"filters": {
                                        			"type": "And",
                                        			"filters": [{
                                        					"type": "NOTLIKE",
                                        					"fieldName": "name",
                                        					"value": "adm*"
                                        				},
                                        				{
                                        					"type": "NOTLIKE",
                                        					"fieldName": "name",
                                        					"value": "azadm*"
                                        				}
                                        			]
                                        		}
                                        	};
                                        
                                        	var params2 = {
                                        		t: AllUsers /* INFOTABLE */ ,
                                        		query: query /* QUERY */
                                        	};
                                        
                                        	// result: INFOTABLE
                                        	 AllUsers = Resources["InfoTableFunctions"].Query(params2);
                                        	for (var i = 0; i < AllUsers.rows.length; i++) {
                                        		if (Users[AllUsers[i].name].emailAddress.includes('@')) {
                                        			AllUsers[i].description = Users[AllUsers[i].name].emailAddress;
                                        		} else {
                                        			AllUsers[i].description = 'LOCAL';
                                        		}
                                        	}
                                            //var result=AllUsers;
                                        	var query2 = {
                                        		"filters": {
                                        			"type": "EQ",
                                        			"fieldName": "description",
                                        			"value": "LOCAL"
                                        		}
                                        	};
                                        
                                        	var params3 = {
                                        		t: AllUsers /* INFOTABLE */ ,
                                        		query: query2 /* QUERY */
                                        	};
                                        	var result = Resources["InfoTableFunctions"].Query(params3);
                                        	//var result = AllUsers;
                                        	//var result = Users[NewUserName].GetGroups();
                                        
                                        } catch (err) {
                                        	logger.error(me.name + " Error on service GetListOfUsersWithEmails: " + err + " at:" + err.lineNumber);
                                        }
                                        ]]>
                                        </code>
                                    </Row>
                                </Rows>
                            </ConfigurationTable>
                        </ConfigurationTables>
                    </ServiceImplementation>
                </ServiceImplementations>
                <Subscriptions></Subscriptions>
            </ThingShape>
            <PropertyBindings></PropertyBindings>
            <RemotePropertyBindings></RemotePropertyBindings>
            <RemoteServiceBindings></RemoteServiceBindings>
            <RemoteEventBindings></RemoteEventBindings>
            <AlertConfigurations></AlertConfigurations>
            <ImplementedShapes></ImplementedShapes>
            <ThingProperties></ThingProperties>
        </Thing>
    </Things>
</Entities>
