<?xml version="1.0" encoding="UTF-8"?>
<Entities
 majorVersion="9"
 minorVersion="3"
 universal="password">
    <Users>
        <User
         description=""
         documentationContent=""
         enabled="true"
         homeMashup="KB.TileConsole"
         locked="false"
         lockedTime="1970-01-01T00:00:00.000Z"
         mobileMashup=""
         name="azadm.kumar2a@knorrbremsegroup.onmicrosoft.com"
         projectName="KBBasics"
         scimExternalId=""
         scimId=""
         tags="">
            <avatar></avatar>
            <DesignTimePermissions>
                <Create></Create>
                <Read></Read>
                <Update></Update>
                <Delete></Delete>
                <Metadata></Metadata>
            </DesignTimePermissions>
            <RunTimePermissions></RunTimePermissions>
            <VisibilityPermissions>
                <Visibility></Visibility>
            </VisibilityPermissions>
            <ConfigurationTableDefinitions></ConfigurationTableDefinitions>
            <ConfigurationTables>
                <ConfigurationTable
                 dataShapeName=""
                 description="UserExtensions"
                 isMultiRow="true"
                 name="UserExtensions"
                 ordinal="1">
                    <DataShape>
                        <FieldDefinitions>
                            <FieldDefinition
                             baseType="DATETIME"
                             description="Last update time"
                             name="lastUpdateTime"
                             ordinal="3"></FieldDefinition>
                            <FieldDefinition
                             aspect.isPrimaryKey="true"
                             baseType="STRING"
                             description="Name"
                             name="name"
                             ordinal="1"></FieldDefinition>
                            <FieldDefinition
                             baseType="STRING"
                             description="Value"
                             name="value"
                             ordinal="2"></FieldDefinition>
                        </FieldDefinitions>
                    </DataShape>
                    <Rows>
                        <Row>
                            <lastUpdateTime>1970-01-01T00:00:00.000Z</lastUpdateTime>
                            <name>
                            <![CDATA[
                            altEmailAddresses
                            ]]>
                            </name>
                            <value></value>
                        </Row>
                        <Row>
                            <lastUpdateTime>2024-07-19T05:40:00.173Z</lastUpdateTime>
                            <name>
                            <![CDATA[
                            lastName
                            ]]>
                            </name>
                            <value>
                            <![CDATA[
                            Kumar
                            ]]>
                            </value>
                        </Row>
                        <Row>
                            <lastUpdateTime>1970-01-01T00:00:00.000Z</lastUpdateTime>
                            <name>
                            <![CDATA[
                            zipCode
                            ]]>
                            </name>
                            <value></value>
                        </Row>
                        <Row>
                            <lastUpdateTime>1970-01-01T00:00:00.000Z</lastUpdateTime>
                            <name>
                            <![CDATA[
                            smsAddress
                            ]]>
                            </name>
                            <value></value>
                        </Row>
                        <Row>
                            <lastUpdateTime>1970-01-01T00:00:00.000Z</lastUpdateTime>
                            <name>
                            <![CDATA[
                            city
                            ]]>
                            </name>
                            <value></value>
                        </Row>
                        <Row>
                            <lastUpdateTime>1970-01-01T00:00:00.000Z</lastUpdateTime>
                            <name>
                            <![CDATA[
                            homePhone
                            ]]>
                            </name>
                            <value></value>
                        </Row>
                        <Row>
                            <lastUpdateTime>2024-07-19T05:40:00.173Z</lastUpdateTime>
                            <name>
                            <![CDATA[
                            notifyByEmail
                            ]]>
                            </name>
                            <value>false</value>
                        </Row>
                        <Row>
                            <lastUpdateTime>2024-07-19T05:40:00.173Z</lastUpdateTime>
                            <name>
                            <![CDATA[
                            fullName
                            ]]>
                            </name>
                            <value>
                            <![CDATA[
                            AZ ADM Aditya Kumar 2
                            ]]>
                            </value>
                        </Row>
                        <Row>
                            <lastUpdateTime>2024-07-19T05:40:00.173Z</lastUpdateTime>
                            <name>
                            <![CDATA[
                            notifyByMobilePhone
                            ]]>
                            </name>
                            <value>false</value>
                        </Row>
                        <Row>
                            <lastUpdateTime>1970-01-01T00:00:00.000Z</lastUpdateTime>
                            <name>
                            <![CDATA[
                            title
                            ]]>
                            </name>
                            <value></value>
                        </Row>
                        <Row>
                            <lastUpdateTime>2024-07-19T05:40:00.173Z</lastUpdateTime>
                            <name>
                            <![CDATA[
                            firstName
                            ]]>
                            </name>
                            <value>
                            <![CDATA[
                            Aditya
                            ]]>
                            </value>
                        </Row>
                        <Row>
                            <lastUpdateTime>1970-01-01T00:00:00.000Z</lastUpdateTime>
                            <name>
                            <![CDATA[
                            emailAddress
                            ]]>
                            </name>
                            <value></value>
                        </Row>
                        <Row>
                            <lastUpdateTime>2024-07-19T05:40:00.173Z</lastUpdateTime>
                            <name>
                            <![CDATA[
                            UserTimeZone
                            ]]>
                            </name>
                            <value>
                            <![CDATA[
                            Europe/Berlin
                            ]]>
                            </value>
                        </Row>
                        <Row>
                            <lastUpdateTime>1970-01-01T00:00:00.000Z</lastUpdateTime>
                            <name>
                            <![CDATA[
                            mobilePhone
                            ]]>
                            </name>
                            <value></value>
                        </Row>
                        <Row>
                            <lastUpdateTime>1970-01-01T00:00:00.000Z</lastUpdateTime>
                            <name>
                            <![CDATA[
                            mailingAddress
                            ]]>
                            </name>
                            <value></value>
                        </Row>
                        <Row>
                            <lastUpdateTime>1970-01-01T00:00:00.000Z</lastUpdateTime>
                            <name>
                            <![CDATA[
                            middleName
                            ]]>
                            </name>
                            <value></value>
                        </Row>
                        <Row>
                            <lastUpdateTime>1970-01-01T00:00:00.000Z</lastUpdateTime>
                            <name>
                            <![CDATA[
                            workPhone
                            ]]>
                            </name>
                            <value></value>
                        </Row>
                        <Row>
                            <lastUpdateTime>1970-01-01T00:00:00.000Z</lastUpdateTime>
                            <name>
                            <![CDATA[
                            state
                            ]]>
                            </name>
                            <value></value>
                        </Row>
                        <Row>
                            <lastUpdateTime>1970-01-01T00:00:00.000Z</lastUpdateTime>
                            <name>
                            <![CDATA[
                            department
                            ]]>
                            </name>
                            <value></value>
                        </Row>
                    </Rows>
                </ConfigurationTable>
                <ConfigurationTable
                 dataShapeName=""
                 description="Settings"
                 isMultiRow="false"
                 name="Settings"
                 ordinal="2">
                    <DataShape>
                        <FieldDefinitions>
                            <FieldDefinition
                             aspect.defaultValue=""
                             aspect.isPrimaryKey="true"
                             baseType="STRING"
                             description="Primary language"
                             name="language"
                             ordinal="0"></FieldDefinition>
                        </FieldDefinitions>
                    </DataShape>
                    <Rows>
                        <Row>
                            <language></language>
                        </Row>
                    </Rows>
                </ConfigurationTable>
            </ConfigurationTables>
            <PersistentValues>
                <PersistentValue
                 name="IDE_LicenseClicked">
                <![CDATA[
                {"IDE_LicenseClicked":true}
                ]]>
                </PersistentValue>
                <PersistentValue
                 name="recentlyAccessed">
                <![CDATA[
                {"array":[{"active":true,"attributes":{"selected.bind":"navData.selected"},"class":"tw-icon-browse-entities-icon","componentPath":"thingworx-ui-platform/features/general/components/nav","hasPopover":false,"isComponent":true,"isPanel":true,"key":"browse","name":"browse","primary":true,"selected":true,"selectedNav":"User","tagName":"twx-browse-collections","title":"tw.components.primary-nav.browse"}],"settings":{"sortBy":"recent"}}
                ]]>
                </PersistentValue>
            </PersistentValues>
        </User>
    </Users>
</Entities>
