<?xml version="1.0" encoding="UTF-8"?>
<Entities
 majorVersion="9"
 minorVersion="3"
 universal="password">
    <Users>
        <User
         description=""
         documentationContent=""
         enabled="true"
         homeMashup="KB.TileConsole"
         locked="false"
         lockedTime="1970-01-01T00:00:00.000Z"
         mobileMashup=""
         name="azadm.flassam@knorrbremsegroup.onmicrosoft.com"
         projectName="KBBasics"
         scimExternalId=""
         scimId=""
         tags="">
            <avatar></avatar>
            <DesignTimePermissions>
                <Create></Create>
                <Read></Read>
                <Update></Update>
                <Delete></Delete>
                <Metadata></Metadata>
            </DesignTimePermissions>
            <RunTimePermissions></RunTimePermissions>
            <VisibilityPermissions>
                <Visibility></Visibility>
            </VisibilityPermissions>
            <ConfigurationTableDefinitions></ConfigurationTableDefinitions>
            <ConfigurationTables>
                <ConfigurationTable
                 dataShapeName=""
                 description="UserExtensions"
                 isMultiRow="true"
                 name="UserExtensions"
                 ordinal="1">
                    <DataShape>
                        <FieldDefinitions>
                            <FieldDefinition
                             baseType="DATETIME"
                             description="Last update time"
                             name="lastUpdateTime"
                             ordinal="3"></FieldDefinition>
                            <FieldDefinition
                             aspect.isPrimaryKey="true"
                             baseType="STRING"
                             description="Name"
                             name="name"
                             ordinal="1"></FieldDefinition>
                            <FieldDefinition
                             baseType="STRING"
                             description="Value"
                             name="value"
                             ordinal="2"></FieldDefinition>
                        </FieldDefinitions>
                    </DataShape>
                    <Rows>
                        <Row>
                            <lastUpdateTime>1970-01-01T00:00:00.000Z</lastUpdateTime>
                            <name>
                            <![CDATA[
                            altEmailAddresses
                            ]]>
                            </name>
                            <value></value>
                        </Row>
                        <Row>
                            <lastUpdateTime>2024-07-10T12:07:21.986Z</lastUpdateTime>
                            <name>
                            <![CDATA[
                            lastName
                            ]]>
                            </name>
                            <value>
                            <![CDATA[
                            Flassak
                            ]]>
                            </value>
                        </Row>
                        <Row>
                            <lastUpdateTime>1970-01-01T00:00:00.000Z</lastUpdateTime>
                            <name>
                            <![CDATA[
                            zipCode
                            ]]>
                            </name>
                            <value></value>
                        </Row>
                        <Row>
                            <lastUpdateTime>1970-01-01T00:00:00.000Z</lastUpdateTime>
                            <name>
                            <![CDATA[
                            smsAddress
                            ]]>
                            </name>
                            <value></value>
                        </Row>
                        <Row>
                            <lastUpdateTime>1970-01-01T00:00:00.000Z</lastUpdateTime>
                            <name>
                            <![CDATA[
                            city
                            ]]>
                            </name>
                            <value></value>
                        </Row>
                        <Row>
                            <lastUpdateTime>1970-01-01T00:00:00.000Z</lastUpdateTime>
                            <name>
                            <![CDATA[
                            homePhone
                            ]]>
                            </name>
                            <value></value>
                        </Row>
                        <Row>
                            <lastUpdateTime>2024-07-10T12:07:21.986Z</lastUpdateTime>
                            <name>
                            <![CDATA[
                            notifyByEmail
                            ]]>
                            </name>
                            <value>false</value>
                        </Row>
                        <Row>
                            <lastUpdateTime>2024-07-10T12:07:21.986Z</lastUpdateTime>
                            <name>
                            <![CDATA[
                            fullName
                            ]]>
                            </name>
                            <value>
                            <![CDATA[
                            AZ ADM Martin Flassak
                            ]]>
                            </value>
                        </Row>
                        <Row>
                            <lastUpdateTime>2024-07-10T12:07:21.986Z</lastUpdateTime>
                            <name>
                            <![CDATA[
                            notifyByMobilePhone
                            ]]>
                            </name>
                            <value>false</value>
                        </Row>
                        <Row>
                            <lastUpdateTime>1970-01-01T00:00:00.000Z</lastUpdateTime>
                            <name>
                            <![CDATA[
                            title
                            ]]>
                            </name>
                            <value></value>
                        </Row>
                        <Row>
                            <lastUpdateTime>2024-07-10T12:07:21.986Z</lastUpdateTime>
                            <name>
                            <![CDATA[
                            firstName
                            ]]>
                            </name>
                            <value>
                            <![CDATA[
                            Martin
                            ]]>
                            </value>
                        </Row>
                        <Row>
                            <lastUpdateTime>1970-01-01T00:00:00.000Z</lastUpdateTime>
                            <name>
                            <![CDATA[
                            emailAddress
                            ]]>
                            </name>
                            <value></value>
                        </Row>
                        <Row>
                            <lastUpdateTime>1970-01-01T00:00:00.000Z</lastUpdateTime>
                            <name>
                            <![CDATA[
                            UserTimeZone
                            ]]>
                            </name>
                            <value>
                            <![CDATA[
                            Europe/Berlin
                            ]]>
                            </value>
                        </Row>
                        <Row>
                            <lastUpdateTime>1970-01-01T00:00:00.000Z</lastUpdateTime>
                            <name>
                            <![CDATA[
                            mobilePhone
                            ]]>
                            </name>
                            <value></value>
                        </Row>
                        <Row>
                            <lastUpdateTime>1970-01-01T00:00:00.000Z</lastUpdateTime>
                            <name>
                            <![CDATA[
                            mailingAddress
                            ]]>
                            </name>
                            <value></value>
                        </Row>
                        <Row>
                            <lastUpdateTime>1970-01-01T00:00:00.000Z</lastUpdateTime>
                            <name>
                            <![CDATA[
                            middleName
                            ]]>
                            </name>
                            <value></value>
                        </Row>
                        <Row>
                            <lastUpdateTime>1970-01-01T00:00:00.000Z</lastUpdateTime>
                            <name>
                            <![CDATA[
                            workPhone
                            ]]>
                            </name>
                            <value></value>
                        </Row>
                        <Row>
                            <lastUpdateTime>1970-01-01T00:00:00.000Z</lastUpdateTime>
                            <name>
                            <![CDATA[
                            state
                            ]]>
                            </name>
                            <value></value>
                        </Row>
                        <Row>
                            <lastUpdateTime>1970-01-01T00:00:00.000Z</lastUpdateTime>
                            <name>
                            <![CDATA[
                            department
                            ]]>
                            </name>
                            <value></value>
                        </Row>
                    </Rows>
                </ConfigurationTable>
                <ConfigurationTable
                 dataShapeName=""
                 description="Settings"
                 isMultiRow="false"
                 name="Settings"
                 ordinal="2">
                    <DataShape>
                        <FieldDefinitions>
                            <FieldDefinition
                             aspect.defaultValue=""
                             aspect.isPrimaryKey="true"
                             baseType="STRING"
                             description="Primary language"
                             name="language"
                             ordinal="0"></FieldDefinition>
                        </FieldDefinitions>
                    </DataShape>
                    <Rows>
                        <Row>
                            <language></language>
                        </Row>
                    </Rows>
                </ConfigurationTable>
            </ConfigurationTables>
            <PersistentValues>
                <PersistentValue
                 name="IDE_History_MRU_Entities">
                <![CDATA[
                {"IDE_History_MRU_Entities":[{"entityDescription":"Built-in system administrators role","entityName":"Administrators","entityType":"Groups"},{"entityDescription":"SSO Authenticator","entityName":"ThingworxSSOAuthenticator","entityType":"Authenticators"},{"entityDescription":"","entityName":"KBRailUserGroup","entityType":"Groups"},{"entityName":"KB.TileConsole","entityType":"Mashups"},{"entityDescription":"Active Directory Service","entityName":"KBActiveDirectoryP015","entityType":"DirectoryServices"},{"entityDescription":"","entityName":"xxxx","entityType":"DirectoryServices"},{"entityName":"PTCDefaultProject","entityType":"Projects"},{"entityDescription":"","entityName":"Azure Entra ID","entityType":"DirectoryServices"}]}
                ]]>
                </PersistentValue>
                <PersistentValue
                 name="IDE_LicenseClicked">
                <![CDATA[
                {"IDE_LicenseClicked":true}
                ]]>
                </PersistentValue>
                <PersistentValue
                 name="recentlyAccessed">
                <![CDATA[
                {"array":[{"compositeType":"Scheduler","entityTimestamp":1721823869927,"isEditing":false,"mode":"read","name":"KBThingWorxAzureBlobStorageExportSchedulerThing","ordinal":110,"projectName":"TWX-Ext-KBNonSAPConnectors","projectTimestamp":1721658448631,"selected":false,"title":"Thing:KBThingWorxAzureBlobStorageExportSchedulerThing","type":"Thing"},{"active":true,"attributes":{"selected.bind":"navData.selected"},"class":"tw-icon-browse-entities-icon","componentPath":"thingworx-ui-platform/features/general/components/nav","hasPopover":false,"isComponent":true,"isEditing":false,"isPanel":true,"key":"browse","name":"browse","primary":true,"selected":false,"selectedNav":"User","show":false,"tagName":"twx-browse-collections","title":"tw.components.primary-nav.browse"},{"compositeType":"ApplicationKey","entityTimestamp":1721658448876,"isEditing":false,"mode":"read","name":"KBAzureAppKey","ordinal":530,"projectName":"TWX-Ext-KBNonSAPConnectors","projectTimestamp":1721658448631,"selected":false,"title":"Application Key:KBAzureAppKey","type":"ApplicationKey"},{"compositeType":"Resource","entityTimestamp":1721998093339,"isEditing":false,"mode":"read","name":"MetricServices","ordinal":610,"projectName":"__unassigned__","projectTimestamp":1720608144255,"selected":false,"title":"Resource:MetricServices","type":"Resource"},{"compositeType":"Group","entityTimestamp":1721736876757,"isEditing":false,"mode":"read","name":"Administrators","ordinal":500,"projectName":"__unassigned__","projectTimestamp":1720608144255,"selected":false,"title":"User Group:Administrators","type":"Group"},{"compositeType":"Group","entityTimestamp":1721312531988,"isEditing":false,"mode":"read","name":"KBRailUserGroup","ordinal":500,"projectName":"KBBasics","projectTimestamp":1720608102229,"selected":false,"title":"User Group:KBRailUserGroup","type":"Group"},{"compositeType":"User","entityTimestamp":1721658454594,"isEditing":false,"mode":"edit","name":"azadm.flassam@knorrbremsegroup.onmicrosoft.com","ordinal":510,"projectName":"PTCDefaultProject","projectTimestamp":1720611266332,"selected":true,"title":"User:azadm.flassam@knorrbremsegroup.onmicrosoft.com","type":"User"},{"compositeType":"Authenticator","entityTimestamp":1721366404881,"isEditing":false,"mode":"edit","name":"ThingworxSSOAuthenticator","ordinal":550,"projectName":"__unassigned__","projectTimestamp":1720608144255,"selected":false,"title":"Authenticator:ThingworxSSOAuthenticator","type":"Authenticator"},{"compositeType":"Group","entityTimestamp":1721312629148,"isEditing":false,"mode":"read","name":"KBUserGroup","ordinal":500,"projectName":"KBBasics","projectTimestamp":1720608102229,"selected":false,"title":"User Group:KBUserGroup","type":"Group"}],"settings":{"sortBy":"recent"}}
                ]]>
                </PersistentValue>
            </PersistentValues>
        </User>
    </Users>
</Entities>
