<?xml version="1.0" encoding="UTF-8" standalone="no"?>
<Entities build="b167" majorVersion="8" minorVersion="2"
	modelPersistenceProviderPackage="MssqlPersistenceProviderPackage"
	revision="2" schemaVersion="1020" universal="">
	<MediaEntities>
		<MediaEntity
			description="Application switcher icon {PTC.Factory.AppSwitchPopUpIcon}"
			documentationContent="" homeMashup=""
			lastModifiedDate="2018-07-05T12:05:50.692+02:00"
			name="KB.AppSwitchPopUpIcon" projectName="KBBasics"
			tags="KBThingWorxInstallationVocabulary:00_Basics">
			<Owner name="adm-flassakm" type="User" />
			<avatar />
			<DesignTimePermissions>
				<Create />
				<Read />
				<Update />
				<Delete />
				<Metadata />
			</DesignTimePermissions>
			<RunTimePermissions />
			<VisibilityPermissions>
				<Visibility>
					<Principal isPermitted="true" name="KBOrganization"
						type="Organization" />
				</Visibility>
			</VisibilityPermissions>
			<ConfigurationTables>
				<ConfigurationTable
					description="List of authorization server scopes" isMultiRow="true"
					name="AuthorizationServerScopesSettings" ordinal="1">
					<DataShape>
						<FieldDefinitions>
							<FieldDefinition baseType="STRING"
								description="A single scope for the authorization server."
								name="scope" ordinal="0" />
						</FieldDefinitions>
					</DataShape>
					<Rows />
				</ConfigurationTable>
				<ConfigurationTable
					description="Content Source Connection information"
					isMultiRow="false" name="ContentSourceConnectionInformation"
					ordinal="0">
					<DataShape>
						<FieldDefinitions>
							<FieldDefinition aspect.defaultValue="none"
								aspect.friendlyName="AuthenticationType"
								aspect.selectOptions="none:none|basic:basic|SSO:SSO|SessionUser:SessionUser"
								baseType="STRING" description="Authentication type"
								name="authenticationType" ordinal="4" />
							<FieldDefinition
								aspect.friendlyName="AuthorizationServerID" baseType="STRING"
								description="Authorization Server ID"
								name="authorizationServerId" ordinal="7" />
							<FieldDefinition
								aspect.friendlyName="Dynamic Content" baseType="BOOLEAN"
								description="Display dynamic content from external URL"
								name="dynamicContent" ordinal="0" />
							<FieldDefinition
								aspect.friendlyName="Ignore SSL Errors" baseType="BOOLEAN"
								description="Ignore SSL errors" name="ignoreSSLErrors"
								ordinal="2" />
							<FieldDefinition
								aspect.friendlyName="AuthPassword" baseType="PASSWORD"
								description="Password for basic authentication" name="password"
								ordinal="6" />
							<FieldDefinition aspect.defaultValue="60.0"
								aspect.friendlyName="Timeout" baseType="NUMBER"
								description="Timeout" name="timeout" ordinal="3" />
							<FieldDefinition aspect.friendlyName="URL"
								baseType="STRING" description="The URL to the content source"
								name="url" ordinal="1" />
							<FieldDefinition
								aspect.friendlyName="AuthUsername" baseType="STRING"
								description="Username for basic authentication" name="userId"
								ordinal="5" />
						</FieldDefinitions>
					</DataShape>
					<Rows>
						<Row>
							<authenticationType><![CDATA[none]]></authenticationType>
							<authorizationServerId />
							<dynamicContent>false</dynamicContent>
							<ignoreSSLErrors>false</ignoreSSLErrors>
							<password />
							<timeout>60.0</timeout>
							<url />
							<userId />
						</Row>
					</Rows>
				</ConfigurationTable>
				<ConfigurationTable
					description="Session User Configuration" isMultiRow="false"
					name="SessionUserConfigurationTable" ordinal="3">
					<DataShape>
						<FieldDefinitions>
							<FieldDefinition
								aspect.friendlyName="SessionUserQueryParameter"
								baseType="STRING" description="Session User Query Parameter"
								name="SessionUserQueryParameter" ordinal="1" />
						</FieldDefinitions>
					</DataShape>
					<Rows>
						<Row>
							<SessionUserQueryParameter />
						</Row>
					</Rows>
				</ConfigurationTable>
				<ConfigurationTable
					description="SSL Connection Configuration" isMultiRow="false"
					name="SSLConnectionConfiguration" ordinal="2">
					<DataShape>
						<FieldDefinitions>
							<FieldDefinition
								aspect.friendlyName="SSLKeyStorePassword" baseType="PASSWORD"
								description="SSL Keystore Password" name="SSLKeyStorePassword"
								ordinal="2" />
							<FieldDefinition
								aspect.friendlyName="SSLKeyStorePath" baseType="STRING"
								description="Absolute path to the client SSL keystore"
								name="SSLKeyStorePath" ordinal="1" />
							<FieldDefinition
								aspect.friendlyName="SSLTrustStorePassword" baseType="PASSWORD"
								description="SSL Truststore Password"
								name="SSLTrustStorePassword" ordinal="4" />
							<FieldDefinition
								aspect.friendlyName="SSLTrustStorePath" baseType="STRING"
								description="Absolute path to the SSL client truststore"
								name="SSLTrustStorePath" ordinal="3" />
						</FieldDefinitions>
					</DataShape>
					<Rows>
						<Row>
							<SSLKeyStorePassword />
							<SSLKeyStorePath />
							<SSLTrustStorePassword />
							<SSLTrustStorePath />
						</Row>
					</Rows>
				</ConfigurationTable>
			</ConfigurationTables>
			<content><![CDATA[iVBORw0KGgoAAAANSUhEUgAAABYAAAAWCAYAAADEtGw7AAAAKElEQVR42mNQTpz0HxtmgAKy5UcN
HsIGDz0wGnmjBo+m49FUMSwNBgCaBqKzM0lR+QAAAABJRU5ErkJggg==]]></content>
		</MediaEntity>
	</MediaEntities>
</Entities>