<?xml version="1.0" encoding="UTF-8" standalone="no"?>
<Entities>
	<StyleDefinitions>
		<StyleDefinition description=""
			documentationContent="" homeMashup=""
			lastModifiedDate="2017-10-11T17:33:09.297+02:00"
			name="KBDefaultStandard10" projectName="KBBasics"
			tags="KBThingWorxInstallationVocabulary:00_Basics">
			<Owner name="adm-flassakm" type="User" />
			<avatar />
			<DesignTimePermissions>
				<Create />
				<Read />
				<Update />
				<Delete />
				<Metadata />
			</DesignTimePermissions>
			<RunTimePermissions>
				<Permissions resourceName="*">
					<PropertyRead>
						<Principal isPermitted="true" name="KBUserGroup"
							type="Group" />
					</PropertyRead>
					<PropertyWrite />
					<ServiceInvoke>
						<Principal isPermitted="true" name="KBUserGroup"
							type="Group" />
					</ServiceInvoke>
					<EventInvoke />
					<EventSubscribe />
				</Permissions>
			</RunTimePermissions>
			<VisibilityPermissions>
				<Visibility>
					<Principal isPermitted="true" name="KBOrganization"
						type="Organization" />
				</Visibility>
			</VisibilityPermissions>
			<ConfigurationTables />
			<content><![CDATA[{"image":"","backgroundColor":"#ffffff","textSize":"small","lineStyle":"solid","displayString":"Sample","fontEmphasisUnderline":false,"fontEmphasisItalic":false,"lineThickness":1,"foregroundColor":"rgba(0,69,126,100)","lineColor":"","fontEmphasisBold":false,"secondaryBackgroundColor":"#ffffff"}]]></content>
			<ConfigurationChanges>
				<ConfigurationChange changeAction="CREATE"
					changeReason="header : name : updated, textSize : updated&#10;"
					timestamp="2017-09-19T14:42:28.826+02:00" user="adm-flassakm" />
				<ConfigurationChange changeAction="MODIFY"
					changeReason="header : tags : updated&#10;"
					timestamp="2017-09-19T14:47:18.140+02:00" user="adm-flassakm" />
				<ConfigurationChange changeAction="CREATE"
					changeReason="" timestamp="2017-09-25T15:56:41.849+02:00"
					user="Administrator" />
				<ConfigurationChange changeAction="MODIFY"
					changeReason="" timestamp="2017-10-11T17:33:09.297+02:00"
					user="adm-flassakm" />
			</ConfigurationChanges>
		</StyleDefinition>
	</StyleDefinitions>
</Entities>
