<?xml version="1.0" encoding="UTF-8" standalone="no"?>
<Entities build="b52" majorVersion="8" minorVersion="0"
	modelPersistenceProviderPackage="MssqlPersistenceProviderPackage"
	revision="3" schemaVersion="1000">
	<StyleDefinitions>
		<StyleDefinition description=""
			documentationContent="" homeMashup=""
			lastModifiedDate="2017-12-08T11:15:57.621+01:00"
			name="KBDefaultSmartKPITitleStyle" projectName="KBBasics"
			tags="KBThingWorxInstallationVocabulary:00_Basics">
			<Owner name="adm-flassakm" type="User" />
			<avatar />
			<DesignTimePermissions>
				<Create />
				<Read />
				<Update />
				<Delete />
				<Metadata />
			</DesignTimePermissions>
			<RunTimePermissions>
				<Permissions resourceName="*">
					<PropertyRead>
						<Principal isPermitted="true" name="KBUserGroup"
							type="Group" />
					</PropertyRead>
					<PropertyWrite />
					<ServiceInvoke />
					<EventInvoke />
					<EventSubscribe />
				</Permissions>
			</RunTimePermissions>
			<VisibilityPermissions>
				<Visibility>
					<Principal isPermitted="true" name="KBOrganization"
						type="Organization" />
				</Visibility>
			</VisibilityPermissions>
			<ConfigurationTables />
			<content><![CDATA[{"image":"","backgroundColor":"#ffffff","textSize":"26px","lineStyle":"solid","displayString":"Sample","fontEmphasisUnderline":false,"fontEmphasisItalic":false,"lineThickness":1,"lineColor":"#cccccc","foregroundColor":"rgba(0,69,126,100)","fontEmphasisBold":true,"secondaryBackgroundColor":""}]]></content>
			<ConfigurationChanges>
				<ConfigurationChange changeAction="CREATE"
					changeReason="header : name : updated, projectName : updated, tags : updated&#10;"
					timestamp="2017-12-08T11:14:28.010+01:00" user="adm-flassakm" />
				<ConfigurationChange changeAction="MODIFY"
					changeReason="visibility permissions : updated&#10;run time permissions : updated&#10;"
					timestamp="2017-12-08T11:15:02.948+01:00" user="adm-flassakm" />
				<ConfigurationChange changeAction="MODIFY"
					changeReason="" timestamp="2017-12-08T11:15:57.621+01:00"
					user="adm-flassakm" />
			</ConfigurationChanges>
		</StyleDefinition>
	</StyleDefinitions>
</Entities>