<?xml version="1.0" encoding="UTF-8" standalone="no"?>
<Entities build="b167" majorVersion="8" minorVersion="2"
	modelPersistenceProviderPackage="MssqlPersistenceProviderPackage"
	revision="2" schemaVersion="1020" universal="">
	<StyleDefinitions>
		<StyleDefinition aspect.isExtension="true"
			description="" documentationContent="" homeMashup=""
			lastModifiedDate="2018-03-28T10:35:23.594+02:00"
			name="KB.Tile.BackgroundStyle" projectName="KBBasics"
			tags="KBThingWorxInstallationVocabulary:00_Basics">
			<Owner name="SuperUser" type="User" />
			<avatar />
			<DesignTimePermissions>
				<Create />
				<Read />
				<Update />
				<Delete />
				<Metadata />
			</DesignTimePermissions>
			<RunTimePermissions>
				<Permissions resourceName="*">
					<PropertyRead>
						<Principal isPermitted="true" name="KBUserGroup"
							type="Group" />
					</PropertyRead>
					<PropertyWrite />
					<ServiceInvoke>
						<Principal isPermitted="true" name="KBUserGroup"
							type="Group" />
					</ServiceInvoke>
					<EventInvoke />
					<EventSubscribe />
				</Permissions>
			</RunTimePermissions>
			<VisibilityPermissions>
				<Visibility>
					<Principal isPermitted="true" name="KBOrganization"
						type="Organization" />
				</Visibility>
			</VisibilityPermissions>
			<ConfigurationTables />
			<content><![CDATA[{
  "backgroundColor" : "",
  "displayString" : "",
  "fontEmphasisBold" : false,
  "fontEmphasisItalic" : false,
  "fontEmphasisUnderline" : false,
  "foregroundColor" : "",
  "image" : "KB.Tile.Background",
  "lineColor" : "",
  "lineStyle" : "none",
  "lineThickness" : 0,
  "secondaryBackgroundColor" : "",
  "textSize" : "normal"
}]]></content>
			<ConfigurationChanges>
				<ConfigurationChange changeAction="CREATE"
					changeReason="Importing Extension Package Metadata"
					timestamp="2018-03-15T10:19:26.736+01:00" user="SuperUser" />
			</ConfigurationChanges>
		</StyleDefinition>
	</StyleDefinitions>
</Entities>