<?xml version="1.0" encoding="UTF-8" standalone="no"?>
<Entities build="b52" majorVersion="8" minorVersion="0"
	modelPersistenceProviderPackage="MssqlPersistenceProviderPackage"
	revision="3" schemaVersion="1000">
	<StyleDefinitions>
		<StyleDefinition
			description="Blue - Default chart series 1 style"
			documentationContent="" homeMashup=""
			lastModifiedDate="2017-12-08T11:39:33.595+01:00"
			name="KBDefaultChartStyleBlue" projectName="KBBasics"
			tags="KBThingWorxInstallationVocabulary:00_Basics">
			<Owner name="adm-flassakm" type="User" />
			<avatar />
			<DesignTimePermissions>
				<Create />
				<Read />
				<Update />
				<Delete />
				<Metadata />
			</DesignTimePermissions>
			<RunTimePermissions>
				<Permissions resourceName="*">
					<PropertyRead>
						<Principal isPermitted="true" name="KBUserGroup"
							type="Group" />
					</PropertyRead>
					<PropertyWrite />
					<ServiceInvoke>
						<Principal isPermitted="true" name="KBUserGroup"
							type="Group" />
					</ServiceInvoke>
					<EventInvoke />
					<EventSubscribe />
				</Permissions>
			</RunTimePermissions>
			<VisibilityPermissions>
				<Visibility>
					<Principal isPermitted="true" name="KBOrganization"
						type="Organization" />
				</Visibility>
			</VisibilityPermissions>
			<ConfigurationTables />
			<content><![CDATA[{"image":"","backgroundColor":"#073d7a","textSize":"normal","lineStyle":"solid","displayString":"Series 1","fontEmphasisUnderline":false,"fontEmphasisItalic":false,"lineThickness":1,"lineColor":"#0086ff","foregroundColor":"rgba(0,69,126,100)","fontEmphasisBold":false,"secondaryBackgroundColor":"#0086ff"}]]></content>
			<ConfigurationChanges>
				<ConfigurationChange changeAction="CREATE"
					changeReason="header : name : updated, projectName : updated, tags : updated&#10;"
					timestamp="2017-12-08T11:39:33.595+01:00" user="adm-flassakm" />
			</ConfigurationChanges>
		</StyleDefinition>
	</StyleDefinitions>
</Entities>