<?xml version="1.0" encoding="UTF-8"?>
<Entities
 majorVersion="9"
 minorVersion="3"
 universal="password">
    <Mashups>
        <Mashup
         aspect.isFlex="true"
         aspect.isResponsive="true"
         aspect.mashupType="mashup"
         columns="0.0"
         description=""
         documentationContent=""
         homeMashup=""
         name="KBSessionSettingsInterfaceMashup"
         projectName="KBBasics"
         rows="0.0"
         tags="">
            <avatar></avatar>
            <DesignTimePermissions>
                <Create></Create>
                <Read></Read>
                <Update></Update>
                <Delete></Delete>
                <Metadata></Metadata>
            </DesignTimePermissions>
            <RunTimePermissions></RunTimePermissions>
            <VisibilityPermissions>
                <Visibility></Visibility>
            </VisibilityPermissions>
            <ConfigurationTableDefinitions></ConfigurationTableDefinitions>
            <ConfigurationTables>
                <ConfigurationTable
                 dataShapeName=""
                 description="Mashup Mobile Settings"
                 isHidden="true"
                 isMultiRow="false"
                 name="MobileSettings"
                 ordinal="0">
                    <DataShape>
                        <FieldDefinitions>
                            <FieldDefinition
                             aspect.defaultValue="false"
                             aspect.friendlyName="Disable Zoom"
                             baseType="BOOLEAN"
                             description="Disables zooming in and out within the mashup"
                             name="disableZoom"
                             ordinal="0"></FieldDefinition>
                            <FieldDefinition
                             aspect.defaultValue="true"
                             aspect.friendlyName="Full Screen Mode"
                             baseType="BOOLEAN"
                             description="Open the mashup in full screen mode"
                             name="fullScreenMode"
                             ordinal="0"></FieldDefinition>
                            <FieldDefinition
                             aspect.friendlyName="Height"
                             baseType="STRING"
                             description="The height of the mashup page"
                             name="height"
                             ordinal="0"></FieldDefinition>
                            <FieldDefinition
                             aspect.defaultValue="device-height"
                             aspect.friendlyName="Height Type"
                             baseType="STRING"
                             description="Use the height of the device display, or a custom height (in px)"
                             name="heightType"
                             ordinal="0"></FieldDefinition>
                            <FieldDefinition
                             aspect.defaultValue="1.0"
                             aspect.friendlyName="Initial Scale"
                             baseType="NUMBER"
                             description="The initial zoom scale when the mashup is loaded for the first time"
                             name="initialScale"
                             ordinal="0"></FieldDefinition>
                            <FieldDefinition
                             aspect.friendlyName="Shortcut Icon Title"
                             baseType="STRING"
                             description="A title for the mashup shortcut on the iOS home screen"
                             name="iosShortcutIconTitle"
                             ordinal="0"></FieldDefinition>
                            <FieldDefinition
                             aspect.defaultValue="black-translucent"
                             aspect.friendlyName="Status Bar Appearance"
                             baseType="STRING"
                             description="The style of the iOS status bar"
                             name="iosStatusBarAppearance"
                             ordinal="0"></FieldDefinition>
                            <FieldDefinition
                             aspect.defaultValue="10.0"
                             aspect.friendlyName="Maximum Scale"
                             baseType="NUMBER"
                             description="The maximum scale that users can zoom out to"
                             name="maximumScale"
                             ordinal="0"></FieldDefinition>
                            <FieldDefinition
                             aspect.defaultValue="0.1"
                             aspect.friendlyName="Minimum Scale"
                             baseType="NUMBER"
                             description="The minimum scale that users can zoom out to"
                             name="minimumScale"
                             ordinal="0"></FieldDefinition>
                            <FieldDefinition
                             aspect.friendlyName="Width"
                             baseType="STRING"
                             description="The width of the mashup page"
                             name="width"
                             ordinal="0"></FieldDefinition>
                            <FieldDefinition
                             aspect.defaultValue="device-width"
                             aspect.friendlyName="Width Type"
                             baseType="STRING"
                             description="Use the width of the device display, or a custom width (in px)"
                             name="widthType"
                             ordinal="0"></FieldDefinition>
                        </FieldDefinitions>
                    </DataShape>
                    <Rows>
                        <Row>
                            <disableZoom>false</disableZoom>
                            <fullScreenMode>true</fullScreenMode>
                            <height>
                            <![CDATA[
                            device-height
                            ]]>
                            </height>
                            <heightType>
                            <![CDATA[
                            device-height
                            ]]>
                            </heightType>
                            <initialScale>1.0</initialScale>
                            <iosShortcutIconTitle></iosShortcutIconTitle>
                            <iosStatusBarAppearance>
                            <![CDATA[
                            black-translucent
                            ]]>
                            </iosStatusBarAppearance>
                            <maximumScale>10.0</maximumScale>
                            <minimumScale>0.1</minimumScale>
                            <width>
                            <![CDATA[
                            device-width
                            ]]>
                            </width>
                            <widthType>
                            <![CDATA[
                            device-width
                            ]]>
                            </widthType>
                        </Row>
                    </Rows>
                </ConfigurationTable>
            </ConfigurationTables>
            <ParameterDefinitions>
                <FieldDefinition
                 aspect.bindingDirection="BOTH"
                 aspect.dataShape="KBGlobalSessionUsersInfoTableJsonDataShape"
                 aspect.isMandatory="false"
                 baseType="INFOTABLE"
                 description=""
                 name="GlobalParameter"
                 ordinal="0"></FieldDefinition>
            </ParameterDefinitions>
            <Things></Things>
            <ThingShapes></ThingShapes>
            <ThingTemplates></ThingTemplates>
            <mashupContent>
            <![CDATA[
            {
              "CustomMashupCss" : "",
              "Data" : {
                "Resources_CurrentSessionInfo" : {
                  "DataName" : "Resources_CurrentSessionInfo",
                  "EntityName" : "CurrentSessionInfo",
                  "EntityType" : "Resources",
                  "Id" : "6c7e17cc-59d6-4c40-9e5a-2e7356004b97",
                  "RefreshInterval" : 0,
                  "Services" : [ {
                    "APIMethod" : "post",
                    "Characteristic" : "Services",
                    "Id" : "2678b5f2-7a6d-481c-9a2b-cb78c2113e6a",
                    "Name" : "GetGlobalSessionValues",
                    "Parameters" : { },
                    "RefreshInterval" : 0,
                    "Target" : "GetGlobalSessionValues"
                  } ]
                },
                "Session" : {
                  "DataName" : "Session",
                  "EntityName" : "",
                  "EntityType" : "Session",
                  "Id" : "session",
                  "Services" : [ {
                    "APIMethod" : "post",
                    "Characteristic" : "Services",
                    "Id" : "SessionInterface",
                    "Name" : "GetGlobalSessionValues",
                    "Parameters" : { },
                    "RefreshInterval" : 0,
                    "Target" : "GetGlobalSessionValues"
                  } ]
                },
                "Things_KBMasterMashupHelperThing" : {
                  "DataName" : "Things_KBMasterMashupHelperThing",
                  "EntityName" : "KBMasterMashupHelperThing",
                  "EntityType" : "Things",
                  "Id" : "3c5f0097-c730-4e19-b7e2-51a110341530",
                  "RefreshInterval" : 0,
                  "Services" : [ {
                    "APIMethod" : "post",
                    "Characteristic" : "Services",
                    "Id" : "9bbb815a-8874-4dfa-ac70-a54c1bfa0ef8",
                    "Name" : "GetInfotableFromJSONstring",
                    "Parameters" : { },
                    "RefreshInterval" : 0,
                    "Target" : "GetInfotableFromJSONstring"
                  } ]
                },
                "UserExtensions" : {
                  "DataName" : "UserExtensions",
                  "EntityName" : "",
                  "EntityType" : "UserExtensions",
                  "Id" : "UserExtensions",
                  "Services" : [ {
                    "APIMethod" : "post",
                    "Characteristic" : "Services",
                    "Id" : "UserExtensionInterface",
                    "Name" : "GetCurrentUserExtensionProperties",
                    "Parameters" : { },
                    "RefreshInterval" : 0,
                    "Target" : "GetCurrentUserExtensionProperties"
                  } ]
                }
              },
              "DataBindings" : [ {
                "Id" : "79593374-0bf2-4bf9-af29-5e1bac515f16",
                "PropertyMaps" : [ {
                  "SourceProperty" : "usersInfoTableJson",
                  "SourcePropertyBaseType" : "STRING",
                  "SourcePropertyType" : "Field",
                  "TargetProperty" : "Text",
                  "TargetPropertyBaseType" : "STRING",
                  "TargetPropertyType" : "property"
                } ],
                "SourceArea" : "Data",
                "SourceDetails" : "AllData",
                "SourceId" : "GetGlobalSessionValues",
                "SourceSection" : "Resources_CurrentSessionInfo",
                "TargetArea" : "UI",
                "TargetId" : "ptcstextarea-4",
                "TargetSection" : ""
              }, {
                "Id" : "b733c082-f453-48c2-aeb6-04487f31d767",
                "PropertyMaps" : [ {
                  "SourceProperty" : "usersInfoTableJson",
                  "SourcePropertyBaseType" : "STRING",
                  "SourcePropertyType" : "Field",
                  "TargetProperty" : "InputString",
                  "TargetPropertyBaseType" : "STRING",
                  "TargetPropertyType" : "Parameter"
                } ],
                "SourceArea" : "Data",
                "SourceDetails" : "AllData",
                "SourceId" : "GetGlobalSessionValues",
                "SourceSection" : "Resources_CurrentSessionInfo",
                "TargetArea" : "Data",
                "TargetId" : "GetInfotableFromJSONstring",
                "TargetSection" : "Things_KBMasterMashupHelperThing"
              }, {
                "Id" : "b0557adb-7040-4b21-97e6-f3204bf592b3",
                "PropertyMaps" : [ {
                  "SourceProperty" : "",
                  "SourcePropertyBaseType" : "INFOTABLE",
                  "SourcePropertyType" : "InfoTable",
                  "TargetProperty" : "GlobalParameter",
                  "TargetPropertyBaseType" : "INFOTABLE",
                  "TargetPropertyType" : "property"
                } ],
                "SourceArea" : "Data",
                "SourceDetails" : "AllData",
                "SourceId" : "GetInfotableFromJSONstring",
                "SourceSection" : "Things_KBMasterMashupHelperThing",
                "TargetArea" : "Mashup",
                "TargetId" : "mashup-root",
                "TargetSection" : ""
              }, {
                "Id" : "64ccaa7b-fef7-4bad-97ee-299a73763c7f",
                "PropertyMaps" : [ {
                  "SourceProperty" : "usersInfoTableJson",
                  "SourcePropertyBaseType" : "STRING",
                  "SourcePropertyType" : "Field",
                  "TargetProperty" : "NewString",
                  "TargetPropertyBaseType" : "STRING",
                  "TargetPropertyType" : "property"
                } ],
                "SourceArea" : "Data",
                "SourceDetails" : "AllData",
                "SourceId" : "GetGlobalSessionValues",
                "SourceSection" : "Resources_CurrentSessionInfo",
                "TargetArea" : "UI",
                "TargetId" : "validator2-7",
                "TargetSection" : ""
              }, {
                "Id" : "f480f73d-d02a-4c6b-a6a2-654052583f3f",
                "PropertyMaps" : [ {
                  "SourceProperty" : "Output",
                  "SourcePropertyBaseType" : "STRING",
                  "SourcePropertyType" : "Property",
                  "TargetProperty" : "OldString",
                  "TargetPropertyBaseType" : "STRING",
                  "TargetPropertyType" : "property"
                } ],
                "SourceArea" : "UI",
                "SourceId" : "expression2-8",
                "SourceSection" : "",
                "TargetArea" : "UI",
                "TargetId" : "validator2-7",
                "TargetSection" : ""
              }, {
                "Id" : "95e6ec87-7e3c-4c1c-854c-cc6be72182d1",
                "PropertyMaps" : [ {
                  "SourceProperty" : "usersInfoTableJson",
                  "SourcePropertyBaseType" : "STRING",
                  "SourcePropertyType" : "Field",
                  "TargetProperty" : "OldValue",
                  "TargetPropertyBaseType" : "STRING",
                  "TargetPropertyType" : "property"
                } ],
                "SourceArea" : "Data",
                "SourceDetails" : "AllData",
                "SourceId" : "GetGlobalSessionValues",
                "SourceSection" : "Resources_CurrentSessionInfo",
                "TargetArea" : "UI",
                "TargetId" : "expression2-8",
                "TargetSection" : ""
              }, {
                "Id" : "0b430fe6-a0be-4aea-9497-57ae7c209eea",
                "PropertyMaps" : [ {
                  "SourceProperty" : "PlantId",
                  "SourcePropertyBaseType" : "STRING",
                  "SourcePropertyType" : "Field",
                  "TargetProperty" : "Text",
                  "TargetPropertyBaseType" : "STRING",
                  "TargetPropertyType" : "property"
                } ],
                "SourceArea" : "Data",
                "SourceDetails" : "AllData",
                "SourceId" : "GetInfotableFromJSONstring",
                "SourceSection" : "Things_KBMasterMashupHelperThing",
                "TargetArea" : "UI",
                "TargetId" : "ptcstextarea-9",
                "TargetSection" : ""
              }, {
                "Id" : "19d09aa3-30b3-4352-9c5d-279ffcfe1bf2",
                "PropertyMaps" : [ {
                  "SourceProperty" : "PlantThing",
                  "SourcePropertyBaseType" : "STRING",
                  "SourcePropertyType" : "Field",
                  "TargetProperty" : "Text",
                  "TargetPropertyBaseType" : "STRING",
                  "TargetPropertyType" : "property"
                } ],
                "SourceArea" : "Data",
                "SourceDetails" : "AllData",
                "SourceId" : "GetInfotableFromJSONstring",
                "SourceSection" : "Things_KBMasterMashupHelperThing",
                "TargetArea" : "UI",
                "TargetId" : "ptcstextarea-10",
                "TargetSection" : ""
              } ],
              "DesignTimePermissions" : { },
              "Events" : [ {
                "EventHandlerArea" : "Data",
                "EventHandlerId" : "Resources_CurrentSessionInfo",
                "EventHandlerService" : "GetGlobalSessionValues",
                "EventTriggerArea" : "Mashup",
                "EventTriggerEvent" : "Loaded",
                "EventTriggerId" : "mashup-root",
                "EventTriggerSection" : "",
                "Id" : "6e62512e-ae28-4a3e-92ac-71aa54d1eb21"
              }, {
                "EventHandlerArea" : "Data",
                "EventHandlerId" : "Resources_CurrentSessionInfo",
                "EventHandlerService" : "GetGlobalSessionValues",
                "EventTriggerArea" : "UI",
                "EventTriggerEvent" : "Refresh",
                "EventTriggerId" : "autorefreshfunction-5",
                "EventTriggerSection" : "",
                "Id" : "6ae02f9a-0c29-494e-8081-21fa42cc1c71"
              }, {
                "EventHandlerArea" : "UI",
                "EventHandlerId" : "validator2-7",
                "EventHandlerService" : "Evaluate",
                "EventTriggerArea" : "Data",
                "EventTriggerEvent" : "ServiceInvokeCompleted",
                "EventTriggerId" : "GetGlobalSessionValues",
                "EventTriggerSection" : "Resources_CurrentSessionInfo",
                "Id" : "416b3241-8903-46f5-834e-59cf7164bd4c"
              }, {
                "EventHandlerArea" : "UI",
                "EventHandlerId" : "expression2-8",
                "EventHandlerService" : "Evaluate",
                "EventTriggerArea" : "Data",
                "EventTriggerEvent" : "ServiceInvokeCompleted",
                "EventTriggerId" : "GetInfotableFromJSONstring",
                "EventTriggerSection" : "Things_KBMasterMashupHelperThing",
                "Id" : "1adad54d-aea9-4dfc-b64f-c96fea161a15"
              }, {
                "EventHandlerArea" : "Data",
                "EventHandlerId" : "Things_KBMasterMashupHelperThing",
                "EventHandlerService" : "GetInfotableFromJSONstring",
                "EventTriggerArea" : "UI",
                "EventTriggerEvent" : "False",
                "EventTriggerId" : "validator2-7",
                "EventTriggerSection" : "",
                "Id" : "89ce9b89-50aa-4fb6-833c-2129db75f4e9"
              } ],
              "Reminders" : [ ],
              "RunTimePermissions" : { },
              "UI" : {
                "Properties" : {
                  "AddToDashboardButton" : "SimplePlus",
                  "AddToDashboardButtonStyle" : "DefaultAddToDashboardButtonStyle",
                  "Area" : "Mashup",
                  "BGImage" : "",
                  "BGImageRepeat" : "no-repeat",
                  "BGImageSize" : "auto",
                  "Columns" : 0,
                  "ConfigureGadgetButton" : "SimpleGear",
                  "ConfigureGadgetButtonStyle" : "DefaultConfigureGadgetButtonStyle",
                  "DisplayName" : "Mashup",
                  "EnableParameterEditing" : false,
                  "Height" : 618,
                  "Id" : "mashup-root",
                  "IgnoreWarningsInViewMashup" : false,
                  "IsPrintLayout" : false,
                  "Left" : 0,
                  "Margin" : "5",
                  "MashupToEditGadget" : "DefaultMashupToEditGadget",
                  "MinHeight" : 0,
                  "MinWidth" : 0,
                  "ResponsiveLayout" : true,
                  "Rows" : 0,
                  "ShowDataLoading" : true,
                  "Style" : "DefaultMashupStyle",
                  "StyleTheme" : "PTC Convergence Theme",
                  "Title" : "",
                  "TitleBar" : false,
                  "TitleBarStyle" : "DefaultTitleBarStyle",
                  "TitleBarText" : "Gadget Title Here",
                  "Top" : 0,
                  "Type" : "mashup",
                  "UseMasterTheme" : false,
                  "UseTheme" : false,
                  "UseThemeForHybrids" : false,
                  "Visible" : true,
                  "Width" : 1024,
                  "Z-index" : 10,
                  "__TypeDisplayName" : "Mashup",
                  "_currentParameterDefs" : [ {
                    "Aspects" : {
                      "bindingDirection" : "BOTH",
                      "dataShape" : "KBGlobalSessionUsersInfoTableJsonDataShape",
                      "isMandatory" : false
                    },
                    "BaseType" : "INFOTABLE",
                    "Description" : "",
                    "ParameterName" : "GlobalParameter"
                  } ],
                  "id_index" : 10,
                  "secureExpressionsOnly" : true,
                  "supportsAutoResize" : true
                },
                "Widgets" : [ {
                  "Properties" : {
                    "Area" : "UI",
                    "CollapseTabIcon" : "",
                    "DisplayName" : "container-2",
                    "EnableContainerUnload" : false,
                    "EnableExpandCollapse" : false,
                    "ExpandCollapseTabLocation" : "inside",
                    "ExpandTabIcon" : "",
                    "Expanded" : true,
                    "Id" : "flexcontainer-2",
                    "LastContainer" : true,
                    "LazyLoading" : false,
                    "Left" : 0,
                    "Margin" : "",
                    "Overlay" : false,
                    "ResponsiveLayout" : true,
                    "ShowDataLoading" : true,
                    "ShowExpandCollapseTab" : false,
                    "SourceURL" : "",
                    "Style" : "DefaultContainerStyle",
                    "StyleProperties" : { },
                    "Top" : 0,
                    "Type" : "flexcontainer",
                    "UseTheme" : true,
                    "Visible" : true,
                    "Z-index" : 10,
                    "__TypeDisplayName" : "Responsive Container",
                    "align-content" : "flex-start",
                    "align-items" : "flex-start",
                    "flex-basis" : "auto",
                    "flex-direction" : "row",
                    "flex-grow" : 1,
                    "flex-max-height" : "",
                    "flex-max-width" : "",
                    "flex-min-height" : "",
                    "flex-min-width" : "",
                    "flex-shrink" : 1,
                    "flex-size" : "default",
                    "flex-wrap" : "nowrap",
                    "iconClass" : "widgets-flexcontainer",
                    "justify-content" : "flex-start",
                    "positioning" : "responsive",
                    "userCannotRemove" : true
                  },
                  "Widgets" : [ {
                    "Properties" : {
                      "Area" : "UI",
                      "Counter" : false,
                      "CriteriaMessage" : "",
                      "CriteriaMessageDetails" : "",
                      "Disabled" : false,
                      "DisplayName" : "ptcs-textarea-4",
                      "FillContainer" : true,
                      "Id" : "ptcstextarea-4",
                      "Label" : "",
                      "LabelAlignment" : "left",
                      "LastContainer" : false,
                      "Left" : 264,
                      "Margin" : "5",
                      "MaxLengthFailureMessage" : "${value} characters is the maximum",
                      "MaxNumberOfCharacters" : 1000000,
                      "MinLengthFailureMessage" : "${value} characters is the minimum",
                      "ReadOnly" : false,
                      "RequiredMessage" : "A value is required",
                      "ResponsiveLayout" : false,
                      "ShowDataLoading" : false,
                      "ShowValidationCriteria" : false,
                      "ShowValidationFailure" : false,
                      "ShowValidationSuccess" : false,
                      "SuccessMessage" : "",
                      "SuccessMessageDetails" : "",
                      "TabSequence" : 0,
                      "TextAlignment" : "left",
                      "Top" : 87.33332824707031,
                      "Type" : "ptcstextarea",
                      "UseTheme" : true,
                      "ValidationCriteriaIcon" : "cds:icon_info",
                      "ValidationFailureIcon" : "cds:icon_error",
                      "ValidationState" : "undefined",
                      "ValidationSuccessIcon" : "cds:icon_success",
                      "ValueRequired" : false,
                      "Visible" : true,
                      "Width" : 273,
                      "Z-index" : 10,
                      "__TypeDisplayName" : "Text Area"
                    },
                    "Widgets" : [ ]
                  }, {
                    "Properties" : {
                      "Area" : "UI",
                      "Counter" : false,
                      "CriteriaMessage" : "",
                      "CriteriaMessageDetails" : "",
                      "Disabled" : false,
                      "DisplayName" : "ptcs-textarea-9",
                      "FillContainer" : true,
                      "Id" : "ptcstextarea-9",
                      "Label" : "",
                      "LabelAlignment" : "left",
                      "LastContainer" : false,
                      "Left" : 264,
                      "Margin" : "5",
                      "MaxLengthFailureMessage" : "${value} characters is the maximum",
                      "MaxNumberOfCharacters" : 1000000,
                      "MinLengthFailureMessage" : "${value} characters is the minimum",
                      "ReadOnly" : false,
                      "RequiredMessage" : "A value is required",
                      "ResponsiveLayout" : false,
                      "ShowDataLoading" : false,
                      "ShowValidationCriteria" : false,
                      "ShowValidationFailure" : false,
                      "ShowValidationSuccess" : false,
                      "SuccessMessage" : "",
                      "SuccessMessageDetails" : "",
                      "TabSequence" : 0,
                      "TextAlignment" : "left",
                      "Top" : 87.33332824707031,
                      "Type" : "ptcstextarea",
                      "UseTheme" : true,
                      "ValidationCriteriaIcon" : "cds:icon_info",
                      "ValidationFailureIcon" : "cds:icon_error",
                      "ValidationState" : "undefined",
                      "ValidationSuccessIcon" : "cds:icon_success",
                      "ValueRequired" : false,
                      "Visible" : true,
                      "Width" : 273,
                      "Z-index" : 10,
                      "__TypeDisplayName" : "Text Area"
                    },
                    "Widgets" : [ ]
                  }, {
                    "Properties" : {
                      "Area" : "UI",
                      "Counter" : false,
                      "CriteriaMessage" : "",
                      "CriteriaMessageDetails" : "",
                      "Disabled" : false,
                      "DisplayName" : "ptcs-textarea-10",
                      "FillContainer" : true,
                      "Id" : "ptcstextarea-10",
                      "Label" : "",
                      "LabelAlignment" : "left",
                      "LastContainer" : false,
                      "Left" : 264,
                      "Margin" : "5",
                      "MaxLengthFailureMessage" : "${value} characters is the maximum",
                      "MaxNumberOfCharacters" : 1000000,
                      "MinLengthFailureMessage" : "${value} characters is the minimum",
                      "ReadOnly" : false,
                      "RequiredMessage" : "A value is required",
                      "ResponsiveLayout" : false,
                      "ShowDataLoading" : false,
                      "ShowValidationCriteria" : false,
                      "ShowValidationFailure" : false,
                      "ShowValidationSuccess" : false,
                      "SuccessMessage" : "",
                      "SuccessMessageDetails" : "",
                      "TabSequence" : 0,
                      "TextAlignment" : "left",
                      "Top" : 87.33332824707031,
                      "Type" : "ptcstextarea",
                      "UseTheme" : true,
                      "ValidationCriteriaIcon" : "cds:icon_info",
                      "ValidationFailureIcon" : "cds:icon_error",
                      "ValidationState" : "undefined",
                      "ValidationSuccessIcon" : "cds:icon_success",
                      "ValueRequired" : false,
                      "Visible" : true,
                      "Width" : 273,
                      "Z-index" : 10,
                      "__TypeDisplayName" : "Text Area"
                    },
                    "Widgets" : [ ]
                  } ]
                }, {
                  "Properties" : {
                    "Area" : "UI",
                    "AutoRefresh" : true,
                    "DisplayName" : "Refresh30s",
                    "Id" : "autorefreshfunction-3",
                    "LastContainer" : false,
                    "Left" : null,
                    "Margin" : "5",
                    "RefreshInterval" : 30,
                    "ResponsiveLayout" : false,
                    "ShowDataLoading" : true,
                    "Top" : null,
                    "Type" : "autorefreshfunction",
                    "Visible" : true,
                    "Z-index" : 10,
                    "__TypeDisplayName" : "autorefreshfunction"
                  },
                  "Widgets" : [ ]
                }, {
                  "Properties" : {
                    "Area" : "UI",
                    "AutoRefresh" : true,
                    "DisplayName" : "Refresh1s",
                    "Id" : "autorefreshfunction-5",
                    "LastContainer" : false,
                    "Left" : null,
                    "Margin" : "5",
                    "RefreshInterval" : "1",
                    "ResponsiveLayout" : false,
                    "ShowDataLoading" : true,
                    "Top" : null,
                    "Type" : "autorefreshfunction",
                    "Visible" : true,
                    "Z-index" : 10,
                    "__TypeDisplayName" : "autorefreshfunction"
                  },
                  "Widgets" : [ ]
                }, {
                  "Properties" : {
                    "Area" : "UI",
                    "AutoEvaluate" : false,
                    "DisplayName" : "StringChangeCheck",
                    "Expression" : "output=(OldString==NewString)?true:false;",
                    "Height" : 28,
                    "Id" : "validator2-7",
                    "LastContainer" : false,
                    "Left" : null,
                    "Margin" : "5",
                    "Output" : true,
                    "ResponsiveLayout" : false,
                    "ShowDataLoading" : true,
                    "Top" : null,
                    "Type" : "validator2",
                    "Visible" : true,
                    "Width" : 200,
                    "Z-index" : 10,
                    "__TypeDisplayName" : "Validator",
                    "_currentParameterDefs" : [ {
                      "BaseType" : "STRING",
                      "Description" : "",
                      "ParameterName" : "OldString",
                      "bindingDirection" : "Target",
                      "bindingType" : "Property",
                      "isBindingSource" : false,
                      "isBindingTarget" : true,
                      "shown" : true
                    }, {
                      "BaseType" : "STRING",
                      "Description" : "",
                      "ParameterName" : "NewString",
                      "bindingDirection" : "Target",
                      "bindingType" : "Property",
                      "isBindingSource" : false,
                      "isBindingTarget" : true,
                      "shown" : true
                    } ]
                  },
                  "Widgets" : [ ]
                }, {
                  "Properties" : {
                    "Area" : "UI",
                    "AutoEvaluate" : false,
                    "DataChangeType" : "ALWAYS",
                    "DisableInitialOutput" : false,
                    "DisplayName" : "KeepOldValue",
                    "Expression" : "output=OldValue;",
                    "FireOnFirstValue" : false,
                    "Height" : 28,
                    "Id" : "expression2-8",
                    "LastContainer" : false,
                    "Left" : null,
                    "Margin" : "5",
                    "OutputBaseType" : "STRING",
                    "ResponsiveLayout" : false,
                    "ShowDataLoading" : true,
                    "Top" : null,
                    "Type" : "expression2",
                    "Visible" : true,
                    "Width" : 200,
                    "Z-index" : 10,
                    "__TypeDisplayName" : "Expression",
                    "_currentParameterDefs" : [ {
                      "BaseType" : "STRING",
                      "Description" : "",
                      "ParameterName" : "OldValue",
                      "bindingDirection" : "Target",
                      "bindingType" : "Property",
                      "isBindingSource" : false,
                      "isBindingTarget" : true,
                      "shown" : true
                    } ]
                  },
                  "Widgets" : [ ]
                } ]
              },
              "mashupType" : "mashup"
            }
            ]]>
            </mashupContent>
            <preview></preview>
        </Mashup>
    </Mashups>
</Entities>
