<?xml version="1.0" encoding="UTF-8"?>
<Entities
 majorVersion="9"
 minorVersion="3"
 universal="password">
    <ThingShapes>
        <ThingShape
         className=""
         description="The shape used for Sharing properties via TWX local sessions"
         documentationContent=""
         homeMashup=""
         name="KBSessionThingShape"
         projectName="KBBasics"
         tags="">
            <PropertyDefinitions>
                <PropertyDefinition
                 aspect.cacheTime="0.0"
                 aspect.dataChangeType="VALUE"
                 baseType="STRING"
                 category=""
                 description=""
                 isLocalOnly="false"
                 name="AreaThing"
                 ordinal="4"></PropertyDefinition>
                <PropertyDefinition
                 aspect.cacheTime="0.0"
                 aspect.dataChangeType="VALUE"
                 baseType="STRING"
                 category=""
                 description=""
                 isLocalOnly="false"
                 name="CalculationBase"
                 ordinal="8"></PropertyDefinition>
                <PropertyDefinition
                 aspect.cacheTime="0.0"
                 aspect.dataChangeType="VALUE"
                 baseType="STRING"
                 category=""
                 description=""
                 isLocalOnly="false"
                 name="EndDateTime"
                 ordinal="10"></PropertyDefinition>
                <PropertyDefinition
                 aspect.cacheTime="0.0"
                 aspect.dataChangeType="VALUE"
                 baseType="STRING"
                 category=""
                 description=""
                 isLocalOnly="false"
                 name="MachineThing"
                 ordinal="5"></PropertyDefinition>
                <PropertyDefinition
                 aspect.cacheTime="0.0"
                 aspect.dataChangeType="VALUE"
                 aspect.defaultValue="false"
                 baseType="BOOLEAN"
                 category=""
                 description=""
                 isLocalOnly="false"
                 name="PlantMultiSelect"
                 ordinal="7"></PropertyDefinition>
                <PropertyDefinition
                 aspect.cacheTime="0.0"
                 aspect.dataChangeType="VALUE"
                 baseType="STRING"
                 category=""
                 description=""
                 isLocalOnly="false"
                 name="PlantThing"
                 ordinal="2"></PropertyDefinition>
                <PropertyDefinition
                 aspect.cacheTime="0.0"
                 aspect.dataChangeType="VALUE"
                 baseType="STRING"
                 category=""
                 description=""
                 isLocalOnly="false"
                 name="SAPPlantId"
                 ordinal="3"></PropertyDefinition>
                <PropertyDefinition
                 aspect.cacheTime="0.0"
                 aspect.dataChangeType="VALUE"
                 baseType="STRING"
                 category=""
                 description=""
                 isLocalOnly="false"
                 name="StartDateTime"
                 ordinal="9"></PropertyDefinition>
                <PropertyDefinition
                 aspect.cacheTime="0.0"
                 aspect.dataChangeType="VALUE"
                 baseType="STRING"
                 category=""
                 description=""
                 isLocalOnly="false"
                 name="StationThing"
                 ordinal="6"></PropertyDefinition>
            </PropertyDefinitions>
            <ServiceDefinitions></ServiceDefinitions>
            <EventDefinitions></EventDefinitions>
            <ServiceMappings></ServiceMappings>
            <ServiceImplementations></ServiceImplementations>
            <Subscriptions></Subscriptions>
            <avatar></avatar>
            <DesignTimePermissions>
                <Create></Create>
                <Read></Read>
                <Update></Update>
                <Delete></Delete>
                <Metadata></Metadata>
            </DesignTimePermissions>
            <RunTimePermissions></RunTimePermissions>
            <VisibilityPermissions>
                <Visibility></Visibility>
            </VisibilityPermissions>
            <ConfigurationTableDefinitions></ConfigurationTableDefinitions>
            <ConfigurationTables></ConfigurationTables>
            <PropertyBindings></PropertyBindings>
            <RemotePropertyBindings></RemotePropertyBindings>
            <RemoteServiceBindings></RemoteServiceBindings>
            <RemoteEventBindings></RemoteEventBindings>
            <AlertConfigurations>
                <AlertDefinitions
                 name="AreaThing"></AlertDefinitions>
                <AlertDefinitions
                 name="CalculationBase"></AlertDefinitions>
                <AlertDefinitions
                 name="EndDateTime"></AlertDefinitions>
                <AlertDefinitions
                 name="MachineThing"></AlertDefinitions>
                <AlertDefinitions
                 name="PlantMultiSelect"></AlertDefinitions>
                <AlertDefinitions
                 name="PlantThing"></AlertDefinitions>
                <AlertDefinitions
                 name="SAPPlantId"></AlertDefinitions>
                <AlertDefinitions
                 name="StartDateTime"></AlertDefinitions>
                <AlertDefinitions
                 name="StationThing"></AlertDefinitions>
            </AlertConfigurations>
            <InstanceRunTimePermissions></InstanceRunTimePermissions>
        </ThingShape>
    </ThingShapes>
</Entities>
