<?xml version="1.0" encoding="UTF-8" standalone="no"?>
<Entities>
	<ThingTemplates>
		<ThingTemplate baseThingTemplate="GenericThing"
			description="" documentationContent=""
			effectiveThingPackage="ConfiguredThing" homeMashup=""
			lastModifiedDate="2017-10-11T17:33:09.078+02:00"
			name="KBGenericThingTemplate" projectName="KBBasics"
			tags="KBThingWorxInstallationVocabulary:00_Basics" thingPackage=""
			valueStream="">
			<Owner name="adm-flassakm" type="User" />
			<avatar />
			<DesignTimePermissions>
				<Create />
				<Read>
					<Principal isPermitted="true" name="Administrators"
						type="Group" />
				</Read>
				<Update>
					<Principal isPermitted="true" name="Administrators"
						type="Group" />
					<Principal isPermitted="false" name="Developers"
						type="Group" />
					<Principal isPermitted="false" name="KBUserGroup"
						type="Group" />
				</Update>
				<Delete>
					<Principal isPermitted="true" name="Administrators"
						type="Group" />
					<Principal isPermitted="false" name="Developers"
						type="Group" />
					<Principal isPermitted="false" name="KBUserGroup"
						type="Group" />
				</Delete>
				<Metadata />
			</DesignTimePermissions>
			<RunTimePermissions />
			<VisibilityPermissions>
				<Visibility />
			</VisibilityPermissions>
			<ConfigurationTables />
			<PropertyBindings />
			<RemotePropertyBindings />
			<RemoteServiceBindings />
			<RemoteEventBindings />
			<AlertConfigurations />
			<ThingShape>
				<PropertyDefinitions />
				<ServiceDefinitions />
				<EventDefinitions />
				<ServiceMappings />
				<ServiceImplementations />
				<Subscriptions />
			</ThingShape>
			<ImplementedShapes />
			<SharedConfigurationTables />
			<InstanceDesignTimePermissions>
				<Create />
				<Read />
				<Update />
				<Delete />
				<Metadata />
			</InstanceDesignTimePermissions>
			<InstanceRunTimePermissions />
			<InstanceVisibilityPermissions>
				<Visibility />
			</InstanceVisibilityPermissions>
			<ConfigurationChanges>
				<ConfigurationChange changeAction="CREATE"
					changeReason="header : name : updated, baseThingTemplate : updated, tags : updated&#10;documentation : updated&#10;"
					timestamp="2017-09-22T08:48:44.717+02:00" user="adm-flassakm" />
				<ConfigurationChange changeAction="MODIFY"
					changeReason="design time permissions : updated&#10;"
					timestamp="2017-09-22T08:53:44.854+02:00" user="adm-flassakm" />
				<ConfigurationChange changeAction="MODIFY"
					changeReason="design time permissions : updated&#10;"
					timestamp="2017-09-22T08:54:35.397+02:00" user="adm-flassakm" />
				<ConfigurationChange changeAction="CREATE"
					changeReason="" timestamp="2017-09-25T15:56:41.849+02:00"
					user="Administrator" />
				<ConfigurationChange changeAction="MODIFY"
					changeReason="" timestamp="2017-10-11T17:33:09.078+02:00"
					user="adm-flassakm" />
			</ConfigurationChanges>
		</ThingTemplate>
	</ThingTemplates>
</Entities>
