<?xml version="1.0" encoding="UTF-8" standalone="no"?>
<Entities build="b52" majorVersion="8" minorVersion="0"
	modelPersistenceProviderPackage="MssqlPersistenceProviderPackage"
	revision="3" schemaVersion="1000">
	<ThingTemplates>
		<ThingTemplate baseThingTemplate="Database"
			description="" documentationContent=""
			effectiveThingPackage="DatabaseThing" homeMashup=""
			lastModifiedDate="2017-10-12T17:23:42.140+02:00"
			name="KBGenericMSSQLDatabaseTemplate" projectName="KBBasics"
			tags="KBThingWorxInstallationVocabulary:00_Basics" thingPackage=""
			valueStream="">
			<Owner name="adm-flassakm" type="User" />
			<avatar />
			<DesignTimePermissions>
				<Create />
				<Read />
				<Update />
				<Delete />
				<Metadata />
			</DesignTimePermissions>
			<RunTimePermissions />
			<VisibilityPermissions>
				<Visibility />
			</VisibilityPermissions>
			<ConfigurationTables>
				<ConfigurationTable
					description="Field/Column Name Aliases" isMultiRow="true"
					name="ColumnAliases" ordinal="1">
					<DataShape>
						<FieldDefinitions>
							<FieldDefinition
								aspect.friendlyName="Database Column Name" baseType="STRING"
								description="Database column name" name="columnName" ordinal="0" />
							<FieldDefinition
								aspect.friendlyName="Thingworx Field Name" baseType="STRING"
								description="Thingworx field name" name="fieldName" ordinal="1" />
						</FieldDefinitions>
					</DataShape>
					<Rows />
				</ConfigurationTable>
				<ConfigurationTable description="JDBC Settings"
					isMultiRow="false" name="ConnectionInfo" ordinal="0">
					<DataShape>
						<FieldDefinitions>
							<FieldDefinition
								aspect.defaultValue="SELECT NOW()" baseType="STRING"
								description="Connection test string/query"
								name="connectionValidationString" ordinal="2" />
							<FieldDefinition
								aspect.defaultValue="jdbc:mydb:/server:port/database?param=value"
								aspect.friendlyName="JDBC Connection String" baseType="STRING"
								description="JDBC Connection URL" name="jDBCConnectionURL"
								ordinal="1" />
							<FieldDefinition
								aspect.defaultValue="com.yourdatabase.yourDriver"
								aspect.friendlyName="JDBC Driver Class Name" baseType="STRING"
								description="JDBC Driver Class Name" name="jDBCDriverClass"
								ordinal="0" />
							<FieldDefinition aspect.defaultValue="5.0"
								aspect.friendlyName="Maxium Number of Connections"
								baseType="NUMBER"
								description="Maximum number of connections in the pool"
								name="maxConnections" ordinal="3" />
							<FieldDefinition
								aspect.friendlyName="Database Password" baseType="PASSWORD"
								description="Database password" name="password" ordinal="5" />
							<FieldDefinition
								aspect.friendlyName="Database User Name" baseType="STRING"
								description="Database user name" name="userName" ordinal="4" />
						</FieldDefinitions>
					</DataShape>
					<Rows>
						<Row>
							<connectionValidationString><![CDATA[select GETDATE()]]></connectionValidationString>
							<password />
							<jDBCConnectionURL><![CDATA[jdbc:sqlserver://host\\instance:1433;databaseName=name;applicationName=Thingworx;]]></jDBCConnectionURL>
							<userName />
							<jDBCDriverClass><![CDATA[com.microsoft.sqlserver.jdbc.SQLServerDriver]]></jDBCDriverClass>
							<maxConnections>5.0</maxConnections>
						</Row>
					</Rows>
				</ConfigurationTable>
				<ConfigurationTable
					description="Connection Monitoring Settings" isMultiRow="false"
					name="ConnectionMonitoring" ordinal="0">
					<DataShape>
						<FieldDefinitions>
							<FieldDefinition aspect.defaultValue="30000.0"
								aspect.friendlyName="Monitor Rate (seconds)" baseType="NUMBER"
								description="Monitor rate in milliseconds"
								name="connectionMonitorRate" ordinal="1" />
							<FieldDefinition aspect.defaultValue="false"
								aspect.friendlyName="Enable Monitoring" baseType="BOOLEAN"
								description="Enable connection monitoring" name="enableMonitor"
								ordinal="0" />
							<FieldDefinition aspect.defaultValue="1.0"
								aspect.friendlyName="Number of Retries" baseType="NUMBER"
								description="Number of retries" name="numberOfRetries"
								ordinal="2" />
							<FieldDefinition aspect.defaultValue="2000.0"
								aspect.friendlyName="Retry Delay (milliseconds)"
								baseType="NUMBER" description="Retry delay in milliseconds"
								name="retryDelay" ordinal="3" />
						</FieldDefinitions>
					</DataShape>
					<Rows>
						<Row>
							<retryDelay>2000.0</retryDelay>
							<connectionMonitorRate>30000.0</connectionMonitorRate>
							<numberOfRetries>1.0</numberOfRetries>
							<enableMonitor>false</enableMonitor>
						</Row>
					</Rows>
				</ConfigurationTable>
			</ConfigurationTables>
			<PropertyBindings />
			<RemotePropertyBindings />
			<RemoteServiceBindings />
			<RemoteEventBindings />
			<AlertConfigurations />
			<ThingShape>
				<PropertyDefinitions />
				<ServiceDefinitions>
					<ServiceDefinition aspect.isAsync="false"
						category="" description="" isAllowOverride="false"
						isLocalOnly="false" isOpen="false" isPrivate="false"
						name="SetPassword">
						<ResultType baseType="INFOTABLE" description=""
							name="result" ordinal="0" />
						<ParameterDefinitions>
							<FieldDefinition baseType="STRING" description=""
								name="dbuser" ordinal="1" />
							<FieldDefinition baseType="STRING" description=""
								name="password" ordinal="2" />
						</ParameterDefinitions>
					</ServiceDefinition>
					<ServiceDefinition aspect.isAsync="false"
						category="" description="" isAllowOverride="false"
						isLocalOnly="false" isOpen="false" isPrivate="false"
						name="SetKBPersistenceProviderPackageConfigsFromPlatformSettings">
						<ResultType
                         baseType="NOTHING"
                         description=""
                         name="result"
                         ordinal="0"></ResultType>
						<ParameterDefinitions>
							<FieldDefinition 
	                            aspect.defaultValue="MssqlPersistenceProviderPackage"
	                            aspect.isRequired="true"
								baseType="STRING" description=""
								name="providerPackage" ordinal="1" />
						</ParameterDefinitions>
					</ServiceDefinition>
					<ServiceDefinition aspect.isAsync="false"
						category="" description="" isAllowOverride="false"
						isLocalOnly="false" isOpen="false" isPrivate="false"
						name="SetKBCAPSPersistenceProviderPackageConfigsFromPlatformSettings">
						<ResultType
                         baseType="NOTHING"
                         description=""
                         name="result"
                         ordinal="0"></ResultType>
						<ParameterDefinitions>
							<FieldDefinition 
	                            aspect.defaultValue="MssqlPersistenceProviderPackage"
	                            aspect.isRequired="true"
								baseType="STRING" description=""
								name="providerPackage" ordinal="1" />
						</ParameterDefinitions>
					</ServiceDefinition>
					<ServiceDefinition aspect.isAsync="false"
						category="" description="" isAllowOverride="false"
						isLocalOnly="false" isOpen="false" isPrivate="false"
						name="SetPersistenceProviderPackageConfigsFromPlatformSettings">
						<ResultType
                         baseType="NOTHING"
                         description=""
                         name="result"
                         ordinal="0"></ResultType>
						<ParameterDefinitions>
							<FieldDefinition 
	                            aspect.defaultValue="MssqlPersistenceProviderPackage"
	                            aspect.isRequired="true"
								baseType="STRING" description=""
								name="providerPackage" ordinal="1" />
						</ParameterDefinitions>
					</ServiceDefinition>
				</ServiceDefinitions>
				<EventDefinitions />
				<ServiceMappings />
				<ServiceImplementations>
					<ServiceImplementation description=""
						handlerName="Script" name="SetKBPersistenceProviderPackageConfigsFromPlatformSettings">
						<ConfigurationTables>
							<ConfigurationTable description=""
								isMultiRow="false" name="Script" ordinal="0">
								<DataShape>
									<FieldDefinitions>
										<FieldDefinition baseType="STRING"
											description="code" name="code" ordinal="0" />
									</FieldDefinitions>
								</DataShape>
								<Rows>
									<Row>
										<code><![CDATA[      
                                            // Result: INFOTABLE dataShape: "KBConnectionInfoDataShape"
                                            var settings = Resources["KBThingWorxServerSystem"].GetThingWorxExternalDatabaseSettings({providerPackage: providerPackage});

											logger.warn("Set Config for "+me.name+" to URL "+settings[0].jDBCConnectionURL);
                                            
                                            me.SetConfigurationTable({
                                            	tableName: "ConnectionInfo" /* STRING */,
                                            	configurationTable: settings /* INFOTABLE */,
                                            	persistent: true /* BOOLEAN */
                                            });
                                            
                                            me.SaveConfigurationTables();

]]></code>
									</Row>
								</Rows>
							</ConfigurationTable>
						</ConfigurationTables>
					</ServiceImplementation>
					<ServiceImplementation description=""
						handlerName="Script" name="SetKBCAPSPersistenceProviderPackageConfigsFromPlatformSettings">
						<ConfigurationTables>
							<ConfigurationTable description=""
								isMultiRow="false" name="Script" ordinal="0">
								<DataShape>
									<FieldDefinitions>
										<FieldDefinition baseType="STRING"
											description="code" name="code" ordinal="0" />
									</FieldDefinitions>
								</DataShape>
								<Rows>
									<Row>
										<code><![CDATA[      
                                            // Result: INFOTABLE dataShape: "KBConnectionInfoDataShape"
                                            var settings = Resources["KBThingWorxServerSystem"].GetThingWorxCAPSDatabaseSettings({providerPackage: providerPackage});

											logger.warn("Set Config for "+me.name+" to URL "+settings[0].jDBCConnectionURL);
                                            
                                            me.SetConfigurationTable({
                                            	tableName: "ConnectionInfo" /* STRING */,
                                            	configurationTable: settings /* INFOTABLE */,
                                            	persistent: true /* BOOLEAN */
                                            });
                                            
                                            me.SaveConfigurationTables();

]]></code>
									</Row>
								</Rows>
							</ConfigurationTable>
						</ConfigurationTables>
					</ServiceImplementation>
					<ServiceImplementation
                     description=""
                     handlerName="Script"
                     name="SetPersistenceProviderPackageConfigsFromPlatformSettings">
                        <ConfigurationTables>
                            <ConfigurationTable
                             dataShapeName=""
                             description=""
                             isMultiRow="false"
                             name="Script"
                             ordinal="0">
                                <DataShape>
                                    <FieldDefinitions>
                                        <FieldDefinition
                                         baseType="STRING"
                                         description="code"
                                         name="code"
                                         ordinal="0"></FieldDefinition>
                                    </FieldDefinitions>
                                </DataShape>
                                <Rows>
                                    <Row>
                                        <code>
                                        <![CDATA[
                                        // Result: INFOTABLE dataShape: "KBConnectionInfoDataShape"
                                                                                    var settings = Resources["KBThingWorxServerSystem"].GetThingWorxInternalDatabaseSettings({providerPackage: providerPackage});
                                        
                                        											logger.warn("Set Config for "+me.name+" to URL "+settings[0].jDBCConnectionURL);
                                                                                    
                                                                                    me.SetConfigurationTable({
                                                                                    	tableName: "ConnectionInfo" /* STRING */,
                                                                                    	configurationTable: settings /* INFOTABLE */,
                                                                                    	persistent: true /* BOOLEAN */
                                                                                    });
                                                                                    
                                                                                    me.SaveConfigurationTables();
                                        ]]>
                                        </code>
                                    </Row>
                                </Rows>
                            </ConfigurationTable>
                        </ConfigurationTables>
                    </ServiceImplementation>					
					<ServiceImplementation description=""
						handlerName="Script" name="SetPassword">
						<ConfigurationTables>
							<ConfigurationTable description=""
								isMultiRow="false" name="Script" ordinal="0">
								<DataShape>
									<FieldDefinitions>
										<FieldDefinition baseType="STRING"
											description="code" name="code" ordinal="0" />
									</FieldDefinitions>
								</DataShape>
								<Rows>
									<Row>
										<code><![CDATA[      var table = me.GetConfigurationTable({
      	tableName: "ConnectionInfo" /* STRING */
      });

      var resulttable = Resources["InfoTableFunctions"].CreateInfoTableFromDataShape({
      	infoTableName: "InfoTable",
      	dataShapeName: "KBConnectionInfoDataShape"
      });
      var newEntry = new Object();
      newEntry.connectionValidationString = table[0].connectionValidationString; // STRING
      newEntry.password = Resources["EncryptionServices"].EncryptPropertyValue({ data: password }); // PASSWORD
      newEntry.jDBCConnectionURL = table[0].jDBCConnectionURL; // STRING
      newEntry.userName = dbuser; // STRING
      newEntry.jDBCDriverClass = table[0].jDBCDriverClass; // STRING
      newEntry.maxConnections = table[0].maxConnections; // NUMBER



      resulttable.AddRow(newEntry);

      me.SetConfigurationTable({
      	configurationTable: resulttable /* INFOTABLE */ ,
      	persistent: true /* BOOLEAN */ ,
      	tableName: "ConnectionInfo" /* STRING */
      });

var result = resulttable;

 me.RestartThing();]]></code>
									</Row>
								</Rows>
							</ConfigurationTable>
						</ConfigurationTables>
					</ServiceImplementation>
				</ServiceImplementations>
				<Subscriptions />
			</ThingShape>
			<ImplementedShapes />
			<SharedConfigurationTables />
			<InstanceDesignTimePermissions>
				<Create />
				<Read />
				<Update />
				<Delete />
				<Metadata />
			</InstanceDesignTimePermissions>
			<InstanceRunTimePermissions />
			<InstanceVisibilityPermissions>
				<Visibility />
			</InstanceVisibilityPermissions>
			<ConfigurationChanges>
				<ConfigurationChange changeAction="CREATE"
					changeReason="header : name : updated&#10;"
					timestamp="2017-09-26T15:36:08.005+02:00" user="adm-flassakm" />
				<ConfigurationChange changeAction="MODIFY"
					changeReason="" timestamp="2017-10-11T17:33:09.156+02:00"
					user="adm-flassakm" />
				<ConfigurationChange changeAction="MODIFY"
					changeReason="header : tags : updated&#10;"
					timestamp="2017-10-12T17:23:42.140+02:00" user="adm-flassakm" />
			</ConfigurationChanges>
		</ThingTemplate>
	</ThingTemplates>
</Entities>