<?xml version="1.0" encoding="UTF-8" standalone="no"?>
<Entities build="b2319" majorVersion="8" minorVersion="4"
	modelPersistenceProviderPackage="MssqlPersistenceProviderPackage"
	revision="4" schemaVersion="1041" universal="">
	<DataShapes>
		<DataShape baseDataShape="" description=""
			documentationContent="" homeMashup=""
			lastModifiedDate="2021-02-25T09:38:49.108+01:00"
			name="KBConnectionInfoDataShape" projectName="KBBasics" tags="">
			<Owner name="adm-flassakm" type="User" />
			<avatar />
			<DesignTimePermissions>
				<Create />
				<Read />
				<Update />
				<Delete />
				<Metadata />
			</DesignTimePermissions>
			<RunTimePermissions />
			<VisibilityPermissions>
				<Visibility />
			</VisibilityPermissions>
			<ConfigurationTableDefinitions />
			<ConfigurationTables />
			<FieldDefinitions>
				<FieldDefinition aspect.defaultValue="SELECT NOW()"
					baseType="STRING" description="Connection test string/query"
					name="connectionValidationString" ordinal="2" />
				<FieldDefinition
					aspect.defaultValue="jdbc:mydb:/server:port/database?param=value"
					aspect.friendlyName="JDBC Connection String" baseType="STRING"
					description="JDBC Connection URL" name="jDBCConnectionURL"
					ordinal="1" />
				<FieldDefinition
					aspect.defaultValue="com.yourdatabase.yourDriver"
					aspect.friendlyName="JDBC Driver Class Name" baseType="STRING"
					description="JDBC Driver Class Name" name="jDBCDriverClass"
					ordinal="0" />
				<FieldDefinition aspect.defaultValue="5.0"
					aspect.friendlyName="Maxium Number of Connections"
					baseType="NUMBER"
					description="Maximum number of connections in the pool"
					name="maxConnections" ordinal="3" />
				<FieldDefinition
					aspect.friendlyName="Database Password" baseType="PASSWORD"
					description="Database password" name="password" ordinal="5" />
				<FieldDefinition
					aspect.friendlyName="Database User Name" baseType="STRING"
					description="Database user name" name="userName" ordinal="4" />
			</FieldDefinitions>
			<ConfigurationChanges>
				<ConfigurationChange changeAction="CREATE"
					changeReason="" timestamp="2021-02-25T09:38:49.108+01:00"
					user="adm-flassakm" />
			</ConfigurationChanges>
		</DataShape>
	</DataShapes>
</Entities>