<?xml version="1.0" encoding="UTF-8" standalone="no"?>
<Entities build="b167" majorVersion="8" minorVersion="2"
	modelPersistenceProviderPackage="MssqlPersistenceProviderPackage"
	revision="2" schemaVersion="1020" universal="">
	<DataShapes>
		<DataShape baseDataShape="" description=""
			documentationContent="" homeMashup=""
			lastModifiedDate="2018-09-21T11:06:28.821+02:00"
			name="KBSchedulerSettingDataShape" projectName="KBBasics"
			tags="KBThingWorxInstallationVocabulary:00_Basics">
			<Owner name="adm-flassakm" type="User" />
			<avatar />
			<DesignTimePermissions>
				<Create />
				<Read />
				<Update />
				<Delete />
				<Metadata />
			</DesignTimePermissions>
			<RunTimePermissions />
			<VisibilityPermissions>
				<Visibility />
			</VisibilityPermissions>
			<ConfigurationTables />
			<FieldDefinitions>
				<FieldDefinition aspect.defaultValue="true"
					baseType="BOOLEAN"
					description="Automatically enable scheduler on startup"
					name="enabled" ordinal="0" />
				<FieldDefinition baseType="USERNAME"
					description="User context in which to run event handlers"
					name="runAsUser" ordinal="0" />
				<FieldDefinition aspect.defaultValue="0 0/1 * * * ?"
					baseType="SCHEDULE" description="Execution Schedule (Cron String)"
					name="schedule" ordinal="0" />
			</FieldDefinitions>
			<ConfigurationChanges>
				<ConfigurationChange changeAction="CREATE"
					changeReason="header : name : updated, projectName : updated, tags : updated&#10;"
					timestamp="2018-09-21T11:06:28.821+02:00" user="adm-flassakm" />
			</ConfigurationChanges>
		</DataShape>
	</DataShapes>
</Entities>