<?xml version="1.0" encoding="UTF-8"?>
<Entities build="b2319" majorVersion="8" minorVersion="4"
	modelPersistenceProviderPackage="MssqlPersistenceProviderPackage"
	revision="4" schemaVersion="1041" universal="">
	<DataShapes>
		<DataShape baseDataShape="" description=""
			documentationContent="" homeMashup=""
			lastModifiedDate="2020-03-25T07:35:55.709+01:00"
			name="KBPlantListMMDataShape" projectName="KBLocalShiftInfo" tags="">
			<avatar></avatar>
			<DesignTimePermissions>
				<Create></Create>
				<Read></Read>
				<Update></Update>
				<Delete></Delete>
				<Metadata></Metadata>
			</DesignTimePermissions>
			<RunTimePermissions></RunTimePermissions>
			<VisibilityPermissions>
				<Visibility></Visibility>
			</VisibilityPermissions>
			<ConfigurationTableDefinitions></ConfigurationTableDefinitions>
			<ConfigurationTables></ConfigurationTables>
			<FieldDefinitions>
				<FieldDefinition aspect.isPrimaryKey="false"
					baseType="STRING" description="" name="DisplayName" ordinal="1"></FieldDefinition>
				<FieldDefinition aspect.isPrimaryKey="false"
					baseType="THINGNAME" description="" name="PlantThing" ordinal="3"></FieldDefinition>
				<FieldDefinition aspect.isPrimaryKey="false"
					baseType="INTEGER" description="" name="Qty" ordinal="5"></FieldDefinition>
				<FieldDefinition aspect.isPrimaryKey="false"
					baseType="STRING" description="" name="SAPPlantId" ordinal="2"></FieldDefinition>
			</FieldDefinitions>
		</DataShape>
	</DataShapes>
</Entities>
