<?xml version="1.0" encoding="UTF-8" standalone="no"?>
<Entities build="b97" majorVersion="8" minorVersion="4"
	modelPersistenceProviderPackage="MssqlPersistenceProviderPackage"
	revision="11" schemaVersion="1044" universal="">
	<Groups>
		<Group description="" documentationContent="" homeMashup=""
			lastModifiedDate="2021-07-15T12:20:39.704+02:00"
			name="KBUserAdminGroup_V1" projectName="KBBasics" scimDisplayName=""
			scimExternalId="" scimId="" tags="KBThingWorxUserHandling:AssignableAdministratorGroup">
			<Owner name="adm-flassakm" type="User" />
			<avatar />
			<DesignTimePermissions>
				<Create />
				<Read />
				<Update />
				<Delete />
				<Metadata />
			</DesignTimePermissions>
			<RunTimePermissions />
			<VisibilityPermissions>
				<Visibility />
			</VisibilityPermissions>
			<ConfigurationTableDefinitions />
			<ConfigurationTables />
            <Members>
                <Members></Members>
            </Members>
		</Group>
	</Groups>
</Entities>