<?xml version="1.0" encoding="UTF-8" standalone="no"?>
<Entities>
	<Groups>
		<Group description="" documentationContent="" homeMashup=""
			lastModifiedDate="2017-10-11T17:33:08.969+02:00"
			name="KBLocalAdministrators" projectName="KBBasics"
			scimDisplayName="" scimExternalId="" scimId=""
			tags="KBThingWorxInstallationVocabulary:00_Basics">
			<Owner name="adm-flassakm" type="User" />
			<avatar />
			<DesignTimePermissions>
			</DesignTimePermissions>
			<RunTimePermissions />
			<VisibilityPermissions>
				<Visibility />
			</VisibilityPermissions>
			<ConfigurationTables />
			<Members>
				<Members />
			</Members>
		</Group>
	</Groups>
</Entities>
