<?xml version="1.0" encoding="UTF-8" standalone="no"?>
<Entities build="b167" majorVersion="8" minorVersion="2"
	modelPersistenceProviderPackage="MssqlPersistenceProviderPackage"
	revision="2" schemaVersion="1020" universal="">
	<Groups>
		<Group description="" documentationContent="" homeMashup=""
			lastModifiedDate="2018-08-23T12:05:23.522+02:00"
			name="KBAdminMailUserGroup" projectName="KBBasics"
			scimDisplayName="" scimExternalId="" scimId=""
			tags="KBThingWorxInstallationVocabulary:00_Basics">
			<Owner name="adm-flassakm" type="User" />
			<avatar />
			<DesignTimePermissions>
				<Create />
				<Read />
				<Update />
				<Delete />
				<Metadata />
			</DesignTimePermissions>
			<RunTimePermissions />
			<VisibilityPermissions>
				<Visibility />
			</VisibilityPermissions>
			<ConfigurationTables />
            <Members>
                <Members></Members>
            </Members>
		</Group>
	</Groups>
</Entities>