<?xml version="1.0" encoding="UTF-8" standalone="no"?>
<Entities>
	<Groups>
		<Group description="" documentationContent="" homeMashup=""
			lastModifiedDate="2017-10-11T17:33:08.906+02:00" name="KBUserGroup"
			projectName="KBBasics" scimDisplayName="" scimExternalId=""
			scimId="" tags="KBThingWorxInstallationVocabulary:00_Basics">
			<Owner name="adm-flassakm" type="User" />
			<avatar />
			<DesignTimePermissions>
				<Create />
				<Read />
				<Update />
				<Delete />
				<Metadata />
			</DesignTimePermissions>
			<RunTimePermissions />
			<VisibilityPermissions>
				<Visibility />
			</VisibilityPermissions>
			<ConfigurationTables />
			<Members>
				<Members>
					<Member name="KBTruckUserGroup" type="Group" />
					<Member name="KBServicesUserGroup" type="Group" />
					<Member name="KBRailUserGroup" type="Group" />
					<Member name="Administrators" type="Group" />
				</Members>
			</Members>
		</Group>
	</Groups>
</Entities>
