<?xml version="1.0" encoding="UTF-8" standalone="no"?>
<Entities>
	<Groups>
		<Group description="" documentationContent="" homeMashup=""
			lastModifiedDate="2017-10-11T17:33:08.891+02:00"
			name="KBTruckUserGroup" projectName="KBBasics" scimDisplayName=""
			scimExternalId="" scimId=""
			tags="KBThingWorxInstallationVocabulary:00_Basics">
			<Owner name="adm-flassakm" type="User" />
			<avatar />
			<DesignTimePermissions>
				<Create />
				<Read />
				<Update />
				<Delete />
				<Metadata />
			</DesignTimePermissions>
			<RunTimePermissions />
			<VisibilityPermissions>
				<Visibility />
			</VisibilityPermissions>
			<ConfigurationTables />
			<Members>
				<Members>
					<Member name="KBTruckALDUserGroup" type="Group" />
					<Member name="KBTruckBERUserGroup" type="Group" />
					<Member name="KBTruckMUCUserGroup" type="Group" />
					<Member name="KBTruckLISUserGroup" type="Group" />
					<Member name="KBTruckBWGUserGroup" type="Group" />
					<Member name="KBTruckLIBUserGroup" type="Group" />
					<Member name="KBTruckKECUserGroup" type="Group" />
				</Members>
			</Members>
		</Group>
	</Groups>
</Entities>
