<?xml version="1.0" encoding="UTF-8" standalone="no"?>
<Entities>
	<Groups>
		<Group description="" documentationContent="" homeMashup=""
			lastModifiedDate="2017-10-11T17:33:08.797+02:00"
			name="KBRailUserGroup" projectName="KBBasics" scimDisplayName=""
			scimExternalId="" scimId=""
			tags="KBThingWorxInstallationVocabulary:00_Basics">
			<Owner name="adm-flassakm" type="User" />
			<avatar />
			<DesignTimePermissions>
				<Create />
				<Read />
				<Update />
				<Delete />
				<Metadata />
			</DesignTimePermissions>
			<RunTimePermissions />
			<VisibilityPermissions>
				<Visibility />
			</VisibilityPermissions>
			<ConfigurationTables />
			<Members>
				<Members>
					<Member name="KBRailMUCUserGroup" type="Group" />
					<Member name="KBRailBRQUserGroup" type="Group" />
					<Member name="KBRailBUDUserGroup" type="Group" />
					<Member name="KBRailKBAUserGroup" type="Group" />
					<Member name="KBRailKBBUserGroup" type="Group" />
					<Member name="KBRailMILUserGroup" type="Group" />
					<Member name="KBRailMLKUserGroup" type="Group" />
					<Member name="KBRailPNAUserGroup" type="Group" />
				</Members>
			</Members>
		</Group>
	</Groups>
</Entities>
