<?xml version="1.0" encoding="UTF-8" standalone="no"?>
<Entities build="b167" majorVersion="8" minorVersion="2"
	modelPersistenceProviderPackage="MssqlPersistenceProviderPackage"
	revision="2" schemaVersion="1020" universal="">
	<Groups>
		<Group description="***DEPRECATED***" documentationContent="" homeMashup=""
			lastModifiedDate="2018-04-10T08:47:37.445+02:00"
			name="KBServicesLIBUserGroup" projectName="KBBasics" scimDisplayName=""
			scimExternalId="" scimId="" 
			tags="KBThingWorxInstallationVocabulary:00_Basics;KBThingWorxUserHandling:AssignableGeneralUserGroup">
			<Owner name="adm-flassakm" type="User" />
			<avatar />
			<DesignTimePermissions>
				<Create />
				<Read />
				<Update />
				<Delete />
				<Metadata />
			</DesignTimePermissions>
            <RunTimePermissions>
                <Permissions
                 resourceName="*">
                    <PropertyRead>
                        <Principal
                         isPermitted="true"
                         name="KBUserAdminGroup_V1"
                         type="Group"></Principal>
                    </PropertyRead>
                    <PropertyWrite>
                        <Principal
                         isPermitted="true"
                         name="KBUserAdminGroup_V1"
                         type="Group"></Principal>
                    </PropertyWrite>
                    <ServiceInvoke>
                        <Principal
                         isPermitted="true"
                         name="KBUserAdminGroup_V1"
                         type="Group"></Principal>
                    </ServiceInvoke>
                    <EventInvoke>
                        <Principal
                         isPermitted="true"
                         name="KBUserAdminGroup_V1"
                         type="Group"></Principal>
                    </EventInvoke>
                    <EventSubscribe>
                        <Principal
                         isPermitted="true"
                         name="KBUserAdminGroup_V1"
                         type="Group"></Principal>
                    </EventSubscribe>
                </Permissions>
            </RunTimePermissions>
            <VisibilityPermissions>
                <Visibility>
                    <Principal
                     isPermitted="true"
                     name="KBUserAdminOrganisation_V1"
                     type="Organization"></Principal>
                </Visibility>
            </VisibilityPermissions>
			<ConfigurationTables />
            <Members>
                <Members></Members>
            </Members>
		</Group>
	</Groups>
</Entities>