<?xml version="1.0" encoding="UTF-8" standalone="no"?>
<Entities build="b167" majorVersion="8" minorVersion="2"
	modelPersistenceProviderPackage="MssqlPersistenceProviderPackage"
	revision="2" schemaVersion="1020" universal="">
	<Groups>
		<Group aspect.isExtension="true" description=""
			documentationContent="" homeMashup=""
			lastModifiedDate="2018-03-28T10:33:01.608+02:00"
			name="KBServicesUserGroup" projectName="KBBasics"
			scimDisplayName="" scimExternalId="" scimId=""
			tags="KBThingWorxInstallationVocabulary:00_Basics">
			<Owner name="SuperUser" type="User" />
			<avatar />
			<DesignTimePermissions>
				<Create />
				<Read />
				<Update />
				<Delete />
				<Metadata />
			</DesignTimePermissions>
			<RunTimePermissions />
			<VisibilityPermissions>
				<Visibility />
			</VisibilityPermissions>
			<ConfigurationTables />
			<Members>
				<Members>
					<Member name="KBServicesMUCUserGroup" type="Group" />
					<Member name="KBServicesPUNUserGroup" type="Group" />
					<Member name="KBServicesLIBUserGroup" type="Group" />
					<Member name="KBServicesSZHUserGroup" type="Group" />
					<Member name="KBServicesMTYUserGroup" type="Group" />
				</Members>
			</Members>
		</Group>
	</Groups>
</Entities>