<?xml version="1.0" encoding="UTF-8"?>
<Entities
 build="b2319"
 majorVersion="8"
 minorVersion="4"
 modelPersistenceProviderPackage="MssqlPersistenceProviderPackage"
 revision="4"
 schemaVersion="1041"
 universal="password">
    <Groups>
        <Group
         description=""
         documentationContent=""
         homeMashup=""
         lastModifiedDate="2021-09-15T08:12:52.197+02:00"
         name="KBIEAdminUserGroup"
         projectName="KBBasics"
         scimDisplayName=""
         scimExternalId=""
         scimId=""
         tags="KBThingWorxUserHandling:AssignableAdminUserGroup">
            <avatar></avatar>
            <DesignTimePermissions>
                <Create></Create>
                <Read></Read>
                <Update>
                 <Principal
                     isPermitted="true"
                     name="KBUserAdminGroup_V1"
                     type="Group"></Principal>
                </Update>
                <Delete></Delete>
                <Metadata></Metadata>
            </DesignTimePermissions>
            <RunTimePermissions>
            <Permissions
                 resourceName="*">
                    <PropertyRead>
                        <Principal
                         isPermitted="true"
                         name="KBUserGroup"
                         type="Group"></Principal>
                    </PropertyRead>
                    <PropertyWrite>
                        <Principal
                         isPermitted="true"
                         name="KBUserGroup"
                         type="Group"></Principal>
                    </PropertyWrite>
                    <ServiceInvoke>
                        <Principal
                         isPermitted="true"
                         name="KBUserGroup"
                         type="Group"></Principal>
                    </ServiceInvoke>
                    <EventInvoke></EventInvoke>
                    <EventSubscribe></EventSubscribe>
                </Permissions>
            </RunTimePermissions>
            <VisibilityPermissions>
                <Visibility></Visibility>
            </VisibilityPermissions>
            <ConfigurationTableDefinitions></ConfigurationTableDefinitions>
            <ConfigurationTables></ConfigurationTables>
            <Members>
                <Members></Members>
            </Members>
        </Group>
    </Groups>
</Entities>
