<?xml version="1.0" encoding="UTF-8" standalone="no"?>
<Entities>
	<Groups>
		<Group description="***DEPRECATED***" documentationContent="" homeMashup=""
			lastModifiedDate="2017-10-11T17:33:08.922+02:00"
			name="KBRailBRQUserGroup" projectName="KBBasics" scimDisplayName=""
			scimExternalId="" scimId=""
			tags="KBThingWorxInstallationVocabulary:00_Basics;KBThingWorxUserHandling:AssignableGeneralUserGroup">
			<Owner name="adm-flassakm" type="User" />
			<avatar />
            <DesignTimePermissions>
                <Create></Create>
                <Read></Read>
                <Update></Update>
                <Delete></Delete>
                <Metadata></Metadata>
            </DesignTimePermissions>
            <RunTimePermissions>
                <Permissions
                 resourceName="*">
                    <PropertyRead>
                        <Principal
                         isPermitted="true"
                         name="KBUserAdminGroup_V1"
                         type="Group"></Principal>
                    </PropertyRead>
                    <PropertyWrite>
                        <Principal
                         isPermitted="true"
                         name="KBUserAdminGroup_V1"
                         type="Group"></Principal>
                    </PropertyWrite>
                    <ServiceInvoke>
                        <Principal
                         isPermitted="true"
                         name="KBUserAdminGroup_V1"
                         type="Group"></Principal>
                    </ServiceInvoke>
                    <EventInvoke>
                        <Principal
                         isPermitted="true"
                         name="KBUserAdminGroup_V1"
                         type="Group"></Principal>
                    </EventInvoke>
                    <EventSubscribe>
                        <Principal
                         isPermitted="true"
                         name="KBUserAdminGroup_V1"
                         type="Group"></Principal>
                    </EventSubscribe>
                </Permissions>
            </RunTimePermissions>
            <VisibilityPermissions>
                <Visibility>
                    <Principal
                     isPermitted="true"
                     name="KBUserAdminOrganisation_V1"
                     type="Organization"></Principal>
                </Visibility>
            </VisibilityPermissions>
			<ConfigurationTables />
			<Members>
				<Members />
			</Members>
		</Group>
	</Groups>
</Entities>
