<?xml version="1.0" encoding="UTF-8" standalone="no"?>
<Entities build="b167" majorVersion="8" minorVersion="2"
	modelPersistenceProviderPackage="MssqlPersistenceProviderPackage"
	revision="2" schemaVersion="1020" universal="">
	<Organizations>
		<Organization description="" documentationContent=""
			homeMashup="" lastModifiedDate="2018-04-05T15:47:51.844+02:00"
			loginButtonStyle="" loginPrompt="" loginResetPassword="false"
			loginStyle="" mobileMashup="" name="KBSAPServiceOrganization"
			projectName="KBBasics"
			resetMailContent="&lt;p&gt;[[resetemail.requestmade]]&lt;/p&gt;&lt;p&gt;[[resetemail.instructions]]&lt;/p&gt;&lt;p&gt;[[resetemail.helpneeded]]&lt;/p&gt;"
			resetMailServer="" resetMailSubject="[[resetemail.subject]]"
			tags="KBThingWorxInstallationVocabulary:ExtensionSAPConnector">
			<Owner name="adm-flassakm" type="User" />
			<avatar />
			<DesignTimePermissions>
				<Create />
				<Read />
				<Update />
				<Delete />
				<Metadata />
			</DesignTimePermissions>
			<RunTimePermissions />
			<VisibilityPermissions>
				<Visibility />
			</VisibilityPermissions>
			<ConfigurationTables />
			<loginImage />
			<Connections>
				<Connection from="" to="KBSAPServiceOrganization" />
			</Connections>
			<OrganizationalUnits>
				<OrganizationalUnit description=""
					name="KBSAPServiceOrganization">
					<Members>
						<Members>
							<Member name="KBSAPServiceUser" type="User" />
						</Members>
					</Members>
				</OrganizationalUnit>
			</OrganizationalUnits>
			<ConfigurationChanges>
				<ConfigurationChange changeAction="CREATE"
					changeReason="header : name : updated, projectName : updated, tags : updated&#10;"
					timestamp="2018-04-05T15:46:24.844+02:00" user="adm-flassakm" />
				<ConfigurationChange changeAction="MODIFY"
					changeReason="" timestamp="2018-04-05T15:47:51.844+02:00"
					user="adm-flassakm" />
			</ConfigurationChanges>
		</Organization>
	</Organizations>
</Entities>