<?xml version="1.0" encoding="UTF-8"?>
<Entities
 build="b97"
 majorVersion="8"
 minorVersion="4"
 modelPersistenceProviderPackage="MssqlPersistenceProviderPackage"
 revision="11"
 schemaVersion="1044"
 universal="password">
    <Organizations>
        <Organization
         aspect.isExtension="true"
         description=""
         documentationContent=""
         homeMashup=""
         lastModifiedDate="2021-07-31T08:55:35.612+02:00"
         loginButtonStyle=""
         loginPrompt=""
         loginResetPassword="false"
         loginStyle=""
         mobileMashup=""
         name="KBUserAdminOrganisation_V1"
         projectName="KBBasics"
         resetMailContent="&lt;p&gt;[[resetemail.requestmade]]&lt;/p&gt;&lt;p&gt;[[resetemail.instructions]]&lt;/p&gt;&lt;p&gt;[[resetemail.helpneeded]]&lt;/p&gt;"
         resetMailServer=""
         resetMailSubject="[[resetemail.subject]]"
         tags="">
            <avatar></avatar>
            <DesignTimePermissions>
                <Create></Create>
                <Read></Read>
                <Update></Update>
                <Delete></Delete>
                <Metadata></Metadata>
            </DesignTimePermissions>
            <RunTimePermissions></RunTimePermissions>
            <VisibilityPermissions>
                <Visibility></Visibility>
            </VisibilityPermissions>
            <ConfigurationTableDefinitions></ConfigurationTableDefinitions>
            <ConfigurationTables></ConfigurationTables>
            <loginImage></loginImage>
            <Connections>
                <Connection
                 from=""
                 to="UserAdmins"></Connection>
            </Connections>
            <OrganizationalUnits>
                <OrganizationalUnit
                 description=""
                 name="UserAdmins">
                    <Members>
                        <Members>
                            <Member
                             name="KBUserAdminGroup_V1"
                             type="Group"></Member>
                        </Members>
                    </Members>
                </OrganizationalUnit>
            </OrganizationalUnits>
        </Organization>
    </Organizations>
</Entities>
