<?xml version="1.0" encoding="UTF-8" standalone="no"?>
<Entities build="b52" majorVersion="8" minorVersion="0"
	modelPersistenceProviderPackage="MssqlPersistenceProviderPackage"
	revision="3" schemaVersion="1000">
	<Organizations>
		<Organization description="Development organization"
			documentationContent="" homeMashup=""
			lastModifiedDate="2018-03-15T15:04:48.588+01:00" loginButtonStyle=""
			loginPrompt="" loginResetPassword="false" loginStyle=""
			mobileMashup="" name="KBDevelopment" projectName="KBBasics"
			resetMailContent="&lt;p&gt;[[resetemail.requestmade]]&lt;/p&gt;&lt;p&gt;[[resetemail.instructions]]&lt;/p&gt;&lt;p&gt;[[resetemail.helpneeded]]&lt;/p&gt;"
			resetMailServer="" resetMailSubject="[[resetemail.subject]]"
			tags="KBThingWorxInstallationVocabulary:00_Basics">
			<Owner name="adm-flassakm" type="User" />
			<avatar />
			<DesignTimePermissions>
				<Create />
				<Read />
				<Update />
				<Delete />
				<Metadata />
			</DesignTimePermissions>
			<RunTimePermissions />
			<VisibilityPermissions>
				<Visibility>
					<Principal isPermitted="true" name="KBOrganization"
						type="Organization" />
				</Visibility>
			</VisibilityPermissions>
			<ConfigurationTables />
			<loginImage />
			<Connections>
				<Connection from="" to="KBDevelopment" />
			</Connections>
			<OrganizationalUnits>
				<OrganizationalUnit
					description="Application developers" name="KBDevelopment">
					<Members>
						<Members>
							<Member name="Developers" type="Group" />
							<Member name="KBLocalDevelopers" type="Group" />
							<Member name="KBLocalAdministrators" type="Group" />
						</Members>
					</Members>
				</OrganizationalUnit>
			</OrganizationalUnits>
			<ConfigurationChanges>
				<ConfigurationChange changeAction="CREATE"
					changeReason="header : name : updated, projectName : updated, tags : updated&#10;"
					timestamp="2018-03-15T15:03:49.650+01:00" user="adm-flassakm" />
				<ConfigurationChange changeAction="MODIFY"
					changeReason="" timestamp="2018-03-15T15:04:48.588+01:00"
					user="adm-flassakm" />
			</ConfigurationChanges>
		</Organization>
	</Organizations>
</Entities>