<?xml version="1.0" encoding="UTF-8" standalone="no"?>
<Entities>
	<Organizations>
		<Organization description="" documentationContent=""
			homeMashup="" lastModifiedDate="2017-10-11T17:33:09.031+02:00"
			loginButtonStyle="" loginPrompt="" loginResetPassword="false"
			loginStyle="" mobileMashup="" name="KBOrganization"
			projectName="KBBasics"
			resetMailContent="&lt;p&gt;[[resetemail.requestmade]]&lt;/p&gt;&lt;p&gt;[[resetemail.instructions]]&lt;/p&gt;&lt;p&gt;[[resetemail.helpneeded]]&lt;/p&gt;"
			resetMailServer="" resetMailSubject="[[resetemail.subject]]"
			tags="KBThingWorxInstallationVocabulary:00_Basics">
			<Owner name="adm-flassakm" type="User" />
			<avatar />
			<DesignTimePermissions>
				<Create />
				<Read />
				<Update />
				<Delete />
				<Metadata />
			</DesignTimePermissions>
			<RunTimePermissions />
			<VisibilityPermissions>
				<Visibility>
					<Principal isPermitted="true" name="KBOrganization"
						type="Organization" />
				</Visibility>
			</VisibilityPermissions>
			<ConfigurationTables />
			<loginImage />
			<Connections>
				<Connection from="" to="Knorr-Bremse" />
				<Connection from="Knorr-Bremse" to="Rail" />
				<Connection from="Rail" to="R/MUC" />
				<Connection from="Knorr-Bremse" to="Truck" />
				<Connection from="Truck" to="T/MUC" />
				<Connection from="Truck" to="T/LIS" />
				<Connection from="Truck" to="T/KEC" />
				<Connection from="Knorr-Bremse" to="Services" />
				<Connection from="Services" to="I/MUC" />
			</Connections>
			<OrganizationalUnits>
				<OrganizationalUnit description="" name="I/MUC">
					<Members>
						<Members>
							<Member name="KBServicesMUCUserGroup" type="Group" />
						</Members>
					</Members>
				</OrganizationalUnit>
				<OrganizationalUnit description=""
					name="Knorr-Bremse">
					<Members>
						<Members>
							<Member name="KBUserGroup" type="Group" />
						</Members>
					</Members>
				</OrganizationalUnit>
				<OrganizationalUnit description="" name="R/MUC">
					<Members>
						<Members>
							<Member name="KBRailMUCUserGroup" type="Group" />
						</Members>
					</Members>
				</OrganizationalUnit>
				<OrganizationalUnit description="" name="Rail">
					<Members>
						<Members>
							<Member name="KBRailUserGroup" type="Group" />
						</Members>
					</Members>
				</OrganizationalUnit>
				<OrganizationalUnit description=""
					name="Services">
					<Members>
						<Members>
							<Member name="KBServicesUserGroup" type="Group" />
						</Members>
					</Members>
				</OrganizationalUnit>
				<OrganizationalUnit description="" name="T/LIS">
					<Members>
						<Members>
							<Member name="KBTruckLISUserGroup" type="Group" />
						</Members>
					</Members>
				</OrganizationalUnit>
				<OrganizationalUnit description="" name="T/KEC">
					<Members>
						<Members>
							<Member name="KBTruckKECUserGroup" type="Group" />
						</Members>
					</Members>
				</OrganizationalUnit>
				<OrganizationalUnit description="" name="T/MUC">
					<Members>
						<Members>
							<Member name="KBTruckMUCUserGroup" type="Group" />
						</Members>
					</Members>
				</OrganizationalUnit>
				<OrganizationalUnit description="" name="Truck">
					<Members>
						<Members>
							<Member name="KBTruckUserGroup" type="Group" />
						</Members>
					</Members>
				</OrganizationalUnit>
			</OrganizationalUnits>
			<ConfigurationChanges>
				<ConfigurationChange changeAction="CREATE"
					changeReason="header : name : updated, tags : updated&#10;"
					timestamp="2017-09-20T13:49:32.640+02:00" user="adm-flassakm" />
			</ConfigurationChanges>
		</Organization>
	</Organizations>
</Entities>
